"# Raw surface EMG excerpt, Santuz et al. 2021, CC BY 4.0"
# source,https://doi.org/10.5281/zenodo.5171823
# trial,ID0001_M_YOUNG_TW_01
# sampling_rate_hz,1000
# units,millivolt
# touchdown_s,0.6990;1.7410;2.7830;3.8240;4.8830;5.9240;6.9580;7.9990
# regenerate,python scripts/extract_emg_demo.py
time_s,ta_mv,gm_mv,rf_mv
0.00000,-0.008280,-0.168072,0.005643
0.00100,-0.000671,-0.123550,0.019728
0.00200,-0.018156,-0.068829,0.003700
0.00300,-0.014918,0.095496,0.007424
0.00400,0.014062,0.203967,0.005481
0.00500,0.030899,0.042394,0.004024
0.00600,0.032842,-0.167910,-0.007309
0.00700,0.006776,-0.171148,-0.003423
0.00800,-0.001642,0.029766,-0.008442
0.00900,0.010986,0.125609,0.011633
0.01000,0.048222,-0.096028,0.003377
0.01100,0.027175,-0.088904,0.003700
0.01200,0.017462,-0.087771,0.009853
0.01300,-0.020422,0.068783,0.011310
0.01400,-0.038393,0.206557,-0.004556
0.01500,-0.030460,-0.000833,0.003700
0.01600,-0.021232,-0.031755,0.002891
0.01700,0.012443,0.003215,0.008072
0.01800,0.000624,0.052269,-0.005528
0.01900,0.002243,-0.028841,-0.000995
0.02000,-0.022365,-0.197537,0.001272
0.02100,-0.019127,-0.184585,0.001434
0.02200,0.003215,-0.183776,-0.003423
0.02300,-0.003423,-0.160463,-0.011680
0.02400,-0.002614,-0.124684,-0.003747
0.02500,-0.005851,0.042232,0.005158
0.02600,0.006615,0.039318,0.003377
0.02700,-0.020422,-0.037098,0.004024
0.02800,-0.040983,0.424956,0.002729
0.02900,-0.003747,0.371854,0.003053
0.03000,0.021671,0.036404,0.007910
0.03100,0.023776,0.176606,0.005805
0.03200,0.025556,0.062145,0.006938
0.03300,0.016652,0.079954,0.011148
0.03400,-0.007794,0.177092,0.014871
0.03500,0.003539,0.181625,-0.000185
0.03600,-0.002775,0.059555,0.018109
0.03700,-0.000347,-0.100237,-0.003099
0.03800,-0.000833,-0.249992,-0.004071
0.03900,-0.003261,-0.484580,0.008557
0.04000,0.021995,-0.339683,0.008395
0.04100,0.008072,-0.170824,0.002243
0.04200,0.017785,-0.129702,-0.008766
0.04300,-0.001318,0.041260,-0.002128
0.04400,-0.017184,0.117676,0.002081
0.04500,-0.023498,0.071211,-0.001804
0.04600,-0.015727,0.089506,0.000624
0.04700,0.006291,-0.109465,-0.001804
0.04800,-0.007794,-0.193814,-0.009413
0.04900,-0.016213,-0.163215,0.003862
0.05000,-0.001966,-0.155606,0.013252
0.05100,0.004996,0.014709,0.010500
0.05200,-0.004880,0.389986,-0.003099
0.05300,-0.020746,0.289610,-0.004718
0.05400,-0.007632,-0.108008,0.000463
0.05500,-0.014432,-0.040335,-0.000023
0.05600,-0.013137,0.019728,0.005967
0.05700,-0.009737,-0.230888,-0.000671
0.05800,-0.009575,-0.220365,-0.005690
0.05900,-0.002290,0.158798,0.005967
0.06000,-0.014594,0.434831,0.005967
0.06100,-0.000995,0.233756,0.001110
0.06200,0.002081,0.053888,0.001758
0.06300,-0.002775,0.056641,-0.014108
0.06400,-0.005204,-0.163701,0.001758
0.06500,-0.010546,0.169968,-0.003585
0.06600,0.002243,0.264192,-0.005204
0.06700,0.009691,0.130142,-0.004880
0.06800,0.032194,0.167702,0.006129
0.06900,0.009691,0.076392,-0.006661
0.07000,0.012605,0.149407,0.008881
0.07100,0.011795,0.062469,0.002567
0.07200,-0.022041,-0.024146,-0.015727
0.07300,-0.000347,-0.119665,-0.004071
0.07400,-0.022527,-0.102180,0.004186
0.07500,-0.021555,-0.029326,0.002081
0.07600,-0.017670,-0.119341,0.000463
0.07700,0.004672,-0.200289,-0.006013
0.07800,-0.003585,-0.215184,-0.003423
0.07900,0.004348,-0.121446,-0.009089
0.08000,0.005319,0.033975,-0.027708
0.08100,0.005158,-0.023174,-0.042602
0.08200,-0.003261,-0.016537,-0.032403
0.08300,-0.007309,0.182273,-0.021070
0.08400,0.004834,0.153941,-0.002452
0.08500,-0.014108,0.026204,0.011957
0.08600,-0.002614,0.063278,0.016814
0.08700,-0.011518,-0.158682,0.016005
0.08800,-0.001804,-0.145568,0.008557
0.08900,0.010824,-0.045354,0.021671
0.09000,0.007586,-0.230888,0.027014
0.09100,0.012443,-0.396185,-0.010061
0.09200,-0.018803,-0.530559,0.022642
0.09300,-0.005851,0.133865,0.044984
0.09400,0.014386,0.463163,0.030575
0.09500,0.028633,0.250755,0.020214
0.09600,0.016814,0.153293,-0.010708
0.09700,-0.013946,-0.082267,-0.012004
0.09800,-0.023336,-0.103961,0.004672
0.09900,0.002243,-0.067210,0.004348
0.10000,0.000948,-0.098618,0.005319
0.10100,-0.018803,0.078659,0.001758
0.10200,-0.041469,0.070564,-0.020260
0.10300,-0.040659,-0.003099,-0.007147
0.10400,0.006291,-0.045516,0.006129
0.10500,0.026528,-0.028031,0.015195
0.10600,0.006453,0.047736,0.024261
0.10700,0.013414,0.061012,0.017138
0.10800,-0.001318,0.176120,0.018271
0.10900,0.008395,0.133380,0.000786
0.11000,0.004186,0.052593,-0.005366
0.11100,-0.005042,0.015843,-0.006985
0.11200,-0.040174,-0.099913,-0.012327
0.11300,-0.031431,-0.207413,-0.023336
0.11400,-0.040497,-0.179405,-0.007470
0.11500,-0.044383,-0.067048,-0.005528
0.11600,0.011633,0.001434,-0.010870
0.11700,0.000463,0.022642,-0.001318
0.11800,0.000301,0.020700,-0.006499
0.11900,-0.005204,0.063440,0.005481
0.12000,0.005805,0.161550,-0.006823
0.12100,-0.013784,0.047574,0.000301
0.12200,-0.003423,-0.069315,0.006453
0.12300,-0.013299,-0.036450,0.000301
0.12400,0.010176,0.023614,0.001596
0.12500,0.039156,0.052755,-0.000185
0.12600,0.050651,0.067002,0.001596
0.12700,0.018919,0.100838,-0.008280
0.12800,-0.034022,-0.016860,-0.001480
0.12900,-0.015241,0.001272,-0.011194
0.13000,-0.030784,-0.048592,-0.002452
0.13100,0.012605,-0.037098,-0.024308
0.13200,0.041099,-0.009899,-0.063001
0.13300,0.081411,-0.045840,-0.059277
0.13400,0.037051,-0.011032,-0.035317
0.13500,0.021671,-0.025765,-0.034831
0.13600,-0.001804,0.050489,-0.020098
0.13700,-0.049725,0.023938,-0.001642
0.13800,-0.072391,0.036565,0.011633
0.13900,-0.064944,0.060364,0.026528
0.14000,-0.003261,0.035756,0.045146
0.14100,0.008719,0.012443,0.026528
0.14200,0.014548,-0.009251,0.019890
0.14300,-0.009737,-0.060087,0.011633
0.14400,-0.008118,-0.096028,0.031223
0.14500,-0.044059,-0.032403,0.026528
0.14600,-0.010385,-0.022689,0.019728
0.14700,0.004834,-0.053611,0.020052
0.14800,0.000301,-0.026412,0.002405
0.14900,0.012281,-0.020098,0.001272
0.15000,0.002405,-0.019936,0.016976
0.15100,0.007910,-0.002128,0.016652
0.15200,-0.007632,0.015195,-0.002290
0.15300,0.003377,0.013738,0.019404
0.15400,-0.004233,-0.012489,0.000786
0.15500,0.008719,0.000139,-0.002128
0.15600,0.014062,0.044822,0.008719
0.15700,0.033651,0.055345,-0.004233
0.15800,0.035756,-0.003099,0.002081
0.15900,0.005967,-0.094247,0.009691
0.16000,-0.012651,-0.086962,0.000624
0.16100,-0.023336,-0.017832,0.000301
0.16200,-0.008280,-0.024955,-0.004880
0.16300,0.001596,-0.019775,-0.012651
0.16400,0.005643,-0.017994,0.004348
0.16500,0.007262,0.010014,0.007100
0.16600,0.035108,0.033004,-0.001966
0.16700,0.035918,0.017785,-0.005690
0.16800,0.021185,0.025395,-0.007309
0.16900,0.005319,-0.005204,-0.018479
0.17000,-0.000995,-0.069963,-0.014756
0.17100,-0.013461,-0.047297,-0.003747
0.17200,-0.001156,-0.018318,-0.012489
0.17300,0.008557,-0.016375,-0.010385
0.17400,-0.015403,0.033813,-0.014270
0.17500,-0.030945,0.080278,0.003053
0.17600,-0.014108,0.022642,-0.001642
0.17700,-0.002290,-0.017184,-0.019289
0.17800,0.000948,-0.024146,-0.031269
0.17900,0.007100,-0.001642,-0.032403
0.18000,0.011957,0.017947,-0.034183
0.18100,0.017947,-0.017346,-0.004880
0.18200,0.015357,-0.016051,-0.000023
0.18300,-0.003099,-0.001804,0.005643
0.18400,0.006776,0.004672,0.009367
0.18500,0.002081,0.018109,0.034461
0.18600,0.008234,0.040289,0.009043
0.18700,0.000786,0.042556,0.019404
0.18800,0.010014,0.036404,0.023776
0.18900,0.025880,-0.005042,0.014709
0.19000,-0.004233,-0.014270,0.008234
0.19100,-0.001480,0.008719,0.023938
0.19200,-0.007147,-0.006661,0.012767
0.19300,-0.017346,0.013576,-0.004071
0.19400,-0.010385,0.007748,-0.000185
0.19500,-0.009899,0.018595,-0.016213
0.19600,0.001110,0.011795,-0.025927
0.19700,0.009691,0.002891,-0.016860
0.19800,-0.007309,0.021509,-0.023984
0.19900,-0.002614,0.001596,-0.021232
0.20000,0.033166,-0.017184,-0.016213
0.20100,0.019728,-0.029165,-0.012813
0.20200,0.008395,-0.011842,-0.045840
0.20300,0.005158,-0.002614,-0.024793
0.20400,-0.005851,0.012767,-0.006013
0.20500,0.011633,-0.001804,0.005967
0.20600,0.011310,-0.005042,0.032518
0.20700,-0.007147,-0.000509,0.039156
0.20800,0.003377,-0.012975,0.068783
0.20900,-0.002128,-0.001966,0.073316
0.21000,-0.008118,-0.008927,0.015843
0.21100,-0.007794,0.001110,-0.039850
0.21200,-0.005690,0.003862,-0.060573
0.21300,0.007586,-0.000023,-0.068505
0.21400,-0.005851,0.001596,-0.054906
0.21500,-0.013946,-0.002128,-0.016051
0.21600,-0.004233,0.015843,0.005481
0.21700,-0.012975,0.007586,0.006453
0.21800,-0.012651,0.000948,0.013414
0.21900,-0.003423,-0.006985,-0.007147
0.22000,0.003053,-0.000671,-0.005528
0.22100,0.006129,-0.004556,0.017138
0.22200,-0.008927,-0.000185,0.018595
0.22300,0.001758,0.002243,0.031223
0.22400,0.008395,-0.003261,0.022480
0.22500,0.000786,-0.014270,0.014224
0.22600,0.011148,-0.008280,-0.003261
0.22700,-0.001156,-0.006013,0.006453
0.22800,-0.006661,-0.000023,-0.001966
0.22900,-0.006175,-0.001318,-0.021879
0.23000,-0.001318,-0.008604,-0.009575
0.23100,-0.005528,-0.000023,-0.001318
0.23200,-0.001642,-0.002614,0.005643
0.23300,0.007748,-0.001966,0.007586
0.23400,-0.006337,0.004186,0.020376
0.23500,0.007910,0.014224,0.009529
0.23600,-0.008118,0.003215,0.006938
0.23700,-0.005690,0.000301,-0.018641
0.23800,0.000139,-0.002290,-0.022203
0.23900,-0.000509,0.009529,-0.020098
0.24000,-0.001480,0.010014,0.016328
0.24100,-0.000347,0.013090,0.052108
0.24200,0.000948,0.007424,0.036080
0.24300,-0.009899,-0.002614,0.046927
0.24400,-0.009413,-0.006823,0.007910
0.24500,0.003215,-0.000509,-0.005042
0.24600,0.009367,-0.002614,-0.038393
0.24700,0.002729,0.003539,-0.055392
0.24800,0.006129,-0.001642,-0.032079
0.24900,-0.001156,0.002729,-0.007470
0.25000,0.004348,0.009853,0.014062
0.25100,-0.005528,0.002405,0.076878
0.25200,0.010014,-0.006013,0.146331
0.25300,0.005158,-0.006175,0.201700
0.25400,-0.009413,-0.001318,0.158150
0.25500,-0.000995,-0.002452,0.025071
0.25600,-0.007147,-0.008442,-0.039040
0.25700,-0.004556,-0.004880,-0.106713
0.25800,-0.001318,-0.008280,-0.134074
0.25900,0.006129,0.003215,-0.110275
0.26000,0.006776,0.007910,-0.070286
0.26100,0.008719,0.003862,-0.072391
0.26200,0.011633,-0.007147,-0.097485
0.26300,0.009367,-0.001966,-0.099752
0.26400,0.011471,-0.002290,-0.103313
0.26500,0.006129,-0.008442,-0.134721
0.26600,0.013738,-0.004718,-0.120474
0.26700,0.011148,0.004024,-0.168720
0.26800,0.010338,-0.002290,-0.122903
0.26900,0.008234,0.000139,-0.034345
0.27000,-0.012165,0.001596,0.055184
0.27100,0.005319,0.010986,0.067812
0.27200,0.014709,0.014548,0.072992
0.27300,-0.015403,0.008395,0.010986
0.27400,-0.016699,0.009853,-0.069801
0.27500,-0.045354,0.002405,-0.027869
0.27600,-0.029165,-0.007470,0.043365
0.27700,0.026852,-0.006337,0.104886
0.27800,0.012443,0.008557,0.188910
0.27900,-0.023498,0.007424,0.196843
0.28000,0.009043,0.004024,0.162197
0.28100,0.090153,0.009367,0.120428
0.28200,0.126742,0.012443,0.107638
0.28300,0.134027,0.016976,0.077525
0.28400,0.004348,0.015357,0.043689
0.28500,-0.023984,0.015843,-0.010223
0.28600,0.085296,0.009853,-0.023174
0.28700,-0.046002,0.009691,-0.040821
0.28800,-0.127274,0.002243,-0.033860
0.28900,-0.097323,0.004186,-0.027708
0.29000,-0.029488,0.003215,-0.016375
0.29100,0.004672,-0.006013,0.007910
0.29200,-0.034022,-0.012327,0.006615
0.29300,0.062631,-0.011518,-0.000671
0.29400,0.047413,0.001434,0.005481
0.29500,0.122047,0.001272,0.004510
0.29600,0.049193,0.005481,-0.003423
0.29700,0.009691,0.004510,0.003539
0.29800,-0.001966,0.008072,-0.010708
0.29900,-0.030136,0.003053,-0.002937
0.30000,-0.091495,0.011471,-0.012813
0.30100,-0.130674,0.010014,-0.007794
0.30200,-0.107361,-0.007147,-0.002937
0.30300,-0.148159,0.007262,-0.011032
0.30400,-0.018965,0.002243,-0.005204
0.30500,-0.023984,0.003215,-0.007632
0.30600,0.043203,0.011310,-0.003909
0.30700,-0.053449,-0.002937,-0.007309
0.30800,-0.126303,-0.003423,-0.011194
0.30900,-0.008604,-0.011032,-0.006013
0.31000,-0.004394,-0.019451,-0.004556
0.31100,0.035756,-0.011194,0.006453
0.31200,0.044984,-0.007147,-0.004233
0.31300,-0.008118,-0.004718,-0.007309
0.31400,0.066840,-0.001966,-0.001480
0.31500,0.068945,-0.005528,0.000624
0.31600,-0.066401,-0.006661,-0.008766
0.31700,-0.033050,-0.006337,-0.007956
0.31800,-0.085505,-0.007470,-0.000671
0.31900,-0.093923,-0.011842,-0.007956
0.32000,-0.037259,-0.011356,-0.007794
0.32100,-0.015403,-0.009089,0.001596
0.32200,-0.040659,-0.004556,-0.001966
0.32300,-0.030784,0.009043,-0.005528
0.32400,0.041422,0.012119,-0.016375
0.32500,0.075259,0.013900,-0.011680
0.32600,0.135970,0.011471,-0.005366
0.32700,0.072830,0.021995,-0.012975
0.32800,0.033651,0.019243,-0.009251
0.32900,0.050327,0.001272,-0.012004
0.33000,-0.074334,0.001758,0.007100
0.33100,0.009205,0.001434,0.064574
0.33200,0.074773,-0.001966,0.047251
0.33300,0.045632,-0.011356,0.005967
0.33400,0.035108,-0.003909,-0.012813
0.33500,0.002729,-0.000347,-0.028679
0.33600,-0.008766,0.000139,-0.043250
0.33700,0.011633,-0.005528,-0.035155
0.33800,0.026690,-0.006337,-0.044869
0.33900,-0.039040,-0.002452,-0.040335
0.34000,-0.055230,0.001272,-0.032726
0.34100,-0.037259,-0.001318,-0.021555
0.34200,-0.129379,0.004672,-0.012327
0.34300,-0.197052,0.011310,0.004024
0.34400,0.036404,0.012119,-0.000671
0.34500,0.197005,0.010014,-0.003099
0.34600,0.127390,0.010176,0.002567
0.34700,0.030575,0.003539,-0.007147
0.34800,-0.028355,0.006615,-0.002290
0.34900,-0.034345,0.013090,-0.002452
0.35000,-0.006985,0.009691,0.005481
0.35100,0.021023,0.010662,0.009691
0.35200,0.053403,0.011795,0.001920
0.35300,0.019890,0.012281,0.000624
0.35400,-0.024308,0.014062,-0.001318
0.35500,-0.011518,0.009529,-0.009899
0.35600,0.000624,0.011957,0.003700
0.35700,-0.005042,0.015843,0.002891
0.35800,-0.008280,0.018271,-0.004394
0.35900,0.011471,0.016166,-0.002452
0.36000,-0.030460,0.013738,0.001434
0.36100,-0.114322,0.003215,-0.005204
0.36200,-0.068182,0.001110,-0.011842
0.36300,0.007424,0.010338,-0.017022
0.36400,-0.038069,0.015681,-0.003909
0.36500,-0.015889,0.012119,-0.000833
0.36600,-0.015403,0.015357,0.002405
0.36700,-0.021555,0.015357,0.002243
0.36800,-0.000185,0.014548,-0.005851
0.36900,-0.015565,0.008072,0.004024
0.37000,-0.000833,0.016328,-0.000833
0.37100,-0.024308,0.015357,0.009853
0.37200,-0.026898,0.005967,-0.004556
0.37300,-0.027546,0.007910,-0.009251
0.37400,-0.020098,0.005481,-0.003585
0.37500,-0.022527,0.014386,0.004024
0.37600,-0.015403,0.011957,0.005158
0.37700,0.025718,-0.004394,-0.001156
0.37800,0.060850,0.013252,-0.007470
0.37900,0.061012,0.005158,-0.008766
0.38000,0.076392,0.021347,0.000463
0.38100,0.055669,0.010662,0.001920
0.38200,0.095658,0.004996,-0.004071
0.38300,0.084487,0.009367,0.009205
0.38400,0.026852,0.007100,-0.004233
0.38500,0.035594,0.005805,0.015033
0.38600,-0.052316,-0.005366,0.004672
0.38700,-0.118370,-0.006823,0.006615
0.38800,0.042879,-0.002290,0.010662
0.38900,0.062145,-0.003585,0.017462
0.39000,-0.045030,-0.008927,0.020862
0.39100,-0.057658,-0.008766,0.021185
0.39200,-0.105418,-0.002937,0.009853
0.39300,-0.010708,-0.004880,0.019404
0.39400,-0.010223,0.007100,0.007910
0.39500,-0.024631,0.000139,0.020376
0.39600,0.011957,0.000786,0.007100
0.39700,-0.013299,0.006291,0.014224
0.39800,0.016652,-0.005204,0.007424
0.39900,0.037699,-0.001966,0.006291
0.40000,0.020376,-0.003909,0.019728
0.40100,-0.074172,-0.004718,0.001110
0.40200,-0.112541,-0.007470,0.005481
0.40300,-0.063001,-0.009413,0.002567
0.40400,-0.036612,0.002243,0.002567
0.40500,-0.090362,0.005967,0.015033
0.40600,0.025395,-0.001318,0.014386
0.40700,0.122209,0.008719,0.000786
0.40800,0.035594,0.007586,0.009691
0.40900,-0.011680,0.007424,0.010338
0.41000,-0.162568,0.000624,0.009043
0.41100,-0.047783,-0.000995,0.006291
0.41200,0.075259,-0.005366,0.006291
0.41300,0.053565,-0.010223,0.010014
0.41400,0.120590,-0.007794,-0.000185
0.41500,0.048870,-0.003423,0.011471
0.41600,0.008557,-0.008442,0.003539
0.41700,-0.060573,-0.006499,0.007100
0.41800,-0.012651,-0.012165,-0.008766
0.41900,0.012767,-0.013299,0.007100
0.42000,-0.008766,-0.008604,0.009691
0.42100,-0.008442,-0.011194,0.004348
0.42200,-0.056849,-0.010385,0.005967
0.42300,-0.020584,-0.006013,0.009043
0.42400,-0.008927,-0.010870,0.014709
0.42500,0.005158,-0.009737,0.016166
0.42600,0.015033,-0.013137,-0.001318
0.42700,-0.012489,-0.015403,0.018757
0.42800,-0.008927,-0.013137,0.005158
0.42900,0.005481,-0.009251,0.002243
0.43000,-0.003423,-0.004071,0.007910
0.43100,-0.015889,-0.012975,0.006615
0.43200,-0.002290,-0.014108,0.003700
0.43300,-0.009737,-0.010061,0.002081
0.43400,-0.000995,-0.010061,0.011148
0.43500,0.006453,-0.015080,0.012443
0.43600,0.005319,-0.012327,0.007262
0.43700,-0.015241,-0.013784,0.002405
0.43800,-0.013623,-0.002937,0.010014
0.43900,-0.017994,-0.007470,0.009853
0.44000,-0.011842,-0.017022,0.004996
0.44100,-0.002128,-0.011356,0.002243
0.44200,-0.003261,-0.008927,0.003700
0.44300,-0.001156,-0.016699,0.004024
0.44400,-0.005042,-0.012327,0.003215
0.44500,-0.005366,-0.007956,0.001596
0.44600,-0.004880,-0.015241,0.005158
0.44700,-0.004394,-0.005851,0.006453
0.44800,-0.004556,-0.014594,0.005319
0.44900,0.002243,-0.019127,0.015357
0.45000,-0.008118,-0.012327,0.002567
0.45100,-0.006823,-0.016860,0.001758
0.45200,0.001434,-0.015565,0.003700
0.45300,0.001596,-0.008766,0.011310
0.45400,0.013252,-0.019775,0.000139
0.45500,0.006453,-0.010870,0.004672
0.45600,0.000139,-0.008604,0.009043
0.45700,0.007262,-0.008442,0.004996
0.45800,-0.013784,-0.014108,0.020214
0.45900,-0.022527,-0.014108,-0.007632
0.46000,-0.008442,-0.014432,0.022804
0.46100,-0.011842,-0.019613,0.000948
0.46200,-0.004394,0.000139,0.009367
0.46300,-0.008118,-0.004556,0.004024
0.46400,-0.003423,-0.013299,-0.013946
0.46500,-0.000347,-0.011032,-0.001966
0.46600,-0.001642,-0.020098,-0.012004
0.46700,0.012119,-0.009089,0.003215
0.46800,-0.008280,-0.012651,0.007100
0.46900,-0.007956,-0.013784,-0.005690
0.47000,-0.009413,-0.006499,0.006776
0.47100,-0.004556,-0.011194,0.000948
0.47200,-0.004718,-0.011032,-0.003423
0.47300,0.005481,0.000948,-0.003585
0.47400,-0.001318,-0.007309,-0.000833
0.47500,0.000786,-0.020098,0.024423
0.47600,0.006291,-0.020746,-0.002452
0.47700,-0.002290,-0.004233,0.002891
0.47800,-0.014756,-0.007794,0.005481
0.47900,-0.036774,-0.012813,0.014548
0.48000,-0.021717,-0.016860,0.003377
0.48100,0.004186,-0.014108,0.002567
0.48200,-0.007470,-0.003909,0.022319
0.48300,-0.011518,-0.011518,0.005481
0.48400,-0.008118,-0.007309,-0.001156
0.48500,0.000139,0.004186,-0.005690
0.48600,0.003539,0.006291,0.005967
0.48700,0.009205,0.009529,0.005319
0.48800,0.002081,-0.003261,-0.000671
0.48900,0.004834,0.006776,-0.004556
0.49000,-0.003099,-0.001966,0.005481
0.49100,-0.014756,-0.004556,0.009205
0.49200,0.002405,0.003215,-0.005204
0.49300,-0.005204,-0.004071,0.001272
0.49400,-0.008280,0.008557,-0.016375
0.49500,-0.004880,-0.003261,0.003053
0.49600,-0.006661,-0.003909,-0.003261
0.49700,-0.005690,0.002243,-0.003909
0.49800,0.007262,0.008234,-0.006337
0.49900,0.003539,-0.002452,-0.003747
0.50000,0.003700,-0.002775,-0.005528
0.50100,-0.008604,-0.009899,0.001596
0.50200,0.000624,-0.008442,0.000948
0.50300,-0.000347,0.009205,-0.001318
0.50400,-0.008766,-0.007632,-0.006175
0.50500,-0.006499,0.005319,-0.006499
0.50600,-0.003747,-0.013784,0.000139
0.50700,0.002567,-0.011356,-0.003585
0.50800,-0.011356,0.004186,-0.005204
0.50900,0.004024,-0.005204,-0.006823
0.51000,0.002243,0.008719,0.001110
0.51100,0.010014,0.004996,0.007424
0.51200,0.000463,-0.002775,0.001596
0.51300,0.002405,-0.004233,-0.001966
0.51400,0.037213,-0.006661,-0.001642
0.51500,0.028794,0.003700,0.004348
0.51600,0.054050,-0.003909,-0.004880
0.51700,0.053241,-0.010061,-0.000995
0.51800,0.058098,-0.003747,-0.007147
0.51900,0.023776,-0.002937,-0.003261
0.52000,-0.024631,-0.004233,-0.008766
0.52100,0.016490,-0.002452,0.003862
0.52200,-0.023174,-0.000671,0.000948
0.52300,-0.113513,0.008234,0.000139
0.52400,-0.046488,0.000786,-0.006823
0.52500,0.046603,0.001434,0.006129
0.52600,-0.010546,0.000463,-0.005851
0.52700,-0.064944,0.004834,-0.005042
0.52800,-0.014108,-0.005851,0.001758
0.52900,-0.015241,-0.005042,0.009853
0.53000,-0.022041,0.004348,-0.003261
0.53100,-0.007794,0.001272,-0.004394
0.53200,0.002729,0.006776,-0.006985
0.53300,0.000301,0.002405,-0.008766
0.53400,-0.029488,-0.002937,-0.005528
0.53500,-0.031107,-0.000995,0.006453
0.53600,-0.091657,0.004672,0.002243
0.53700,-0.140226,0.004996,-0.006013
0.53800,-0.037421,-0.008766,-0.000671
0.53900,0.101162,0.000948,-0.017022
0.54000,0.166569,0.004024,0.007910
0.54100,0.177739,0.007910,-0.003747
0.54200,0.090963,0.007262,-0.004233
0.54300,0.000301,0.007262,-0.016537
0.54400,-0.102828,0.005481,-0.017832
0.54500,-0.094247,0.007424,-0.000671
0.54600,0.064897,0.001758,-0.001318
0.54700,0.023938,-0.000833,-0.007794
0.54800,-0.094895,-0.006823,-0.006499
0.54900,-0.044545,-0.004071,-0.003423
0.55000,0.016490,0.006776,-0.000023
0.55100,0.044984,-0.013946,-0.002775
0.55200,0.008557,-0.003909,-0.001156
0.55300,0.007586,-0.000509,0.000786
0.55400,0.039156,-0.007147,-0.006337
0.55500,0.050489,-0.009089,-0.003909
0.55600,0.030090,0.000948,-0.002452
0.55700,0.032842,-0.005204,-0.004233
0.55800,0.027823,0.006291,-0.007309
0.55900,-0.016051,0.000624,-0.005690
0.56000,-0.068182,-0.013299,-0.002290
0.56100,-0.035640,0.001272,-0.012004
0.56200,0.031709,0.014386,-0.010385
0.56300,-0.009575,0.016166,-0.003747
0.56400,-0.037907,0.004834,-0.012165
0.56500,-0.075629,0.004834,-0.007794
0.56600,-0.015241,0.001596,0.007910
0.56700,0.056479,0.007262,-0.002290
0.56800,0.014224,0.006776,-0.007470
0.56900,0.019890,0.002405,-0.013299
0.57000,-0.007147,-0.006175,-0.007632
0.57100,-0.034507,0.009853,-0.001480
0.57200,-0.019775,0.005481,-0.000995
0.57300,-0.024631,0.008557,-0.004556
0.57400,0.009529,0.005158,0.010662
0.57500,0.004510,-0.006985,0.000948
0.57600,0.004024,0.006453,0.002567
0.57700,0.035756,0.004510,-0.006499
0.57800,0.062307,0.000139,-0.019775
0.57900,0.057612,0.003539,-0.000833
0.58000,-0.069153,0.007586,-0.009413
0.58100,-0.071258,0.007424,0.003053
0.58200,0.085296,0.012119,-0.017184
0.58300,0.023776,0.008557,-0.012651
0.58400,0.029766,-0.001642,-0.009413
0.58500,0.059069,0.009529,-0.002937
0.58600,0.006129,0.006453,0.012281
0.58700,0.033489,0.002405,-0.007632
0.58800,0.017462,-0.013299,-0.006661
0.58900,-0.004233,-0.001966,-0.014108
0.59000,0.007586,-0.004718,0.003862
0.59100,0.059069,-0.002614,0.015681
0.59200,0.077363,-0.009737,-0.000833
0.59300,0.074611,-0.012327,0.004672
0.59400,0.071373,-0.001318,0.002243
0.59500,0.086592,-0.006337,0.004348
0.59600,0.012119,0.000301,-0.004394
0.59700,-0.008927,-0.012004,0.000624
0.59800,-0.034183,-0.011680,-0.008927
0.59900,-0.167263,0.000786,-0.003585
0.60000,-0.148321,-0.016375,-0.002775
0.60100,-0.040335,-0.014108,-0.005690
0.60200,0.009043,-0.028031,-0.007632
0.60300,-0.029003,-0.011680,-0.008280
0.60400,0.001110,-0.009251,-0.017508
0.60500,0.003700,-0.018641,-0.023984
0.60600,0.021509,-0.020098,-0.012489
0.60700,0.044660,-0.026736,-0.011842
0.60800,0.020700,-0.009089,-0.010061
0.60900,0.078335,-0.018641,-0.029003
0.61000,0.053403,-0.009737,-0.026898
0.61100,0.044498,-0.004394,-0.006013
0.61200,-0.049725,0.008881,0.007262
0.61300,-0.293218,0.004834,0.023776
0.61400,-0.100399,0.001920,0.029280
0.61500,0.027661,-0.006013,0.034137
0.61600,-0.058954,-0.019451,0.020700
0.61700,0.130142,-0.018479,0.004024
0.61800,0.023290,-0.035155,-0.018479
0.61900,-0.003261,-0.039850,-0.010870
0.62000,0.015519,-0.042602,-0.001156
0.62100,-0.031269,-0.039364,0.001758
0.62200,0.018919,0.000463,-0.003585
0.62300,0.007424,0.067164,-0.004233
0.62400,0.040937,0.021023,0.015033
0.62500,-0.023498,0.006291,0.012119
0.62600,-0.025765,0.025718,-0.020584
0.62700,-0.075143,-0.003261,-0.011356
0.62800,0.009367,0.012119,-0.016860
0.62900,0.031385,0.000463,-0.012975
0.63000,-0.041145,0.013900,0.005158
0.63100,0.016166,0.007748,0.009367
0.63200,0.053565,-0.003261,0.017947
0.63300,-0.061544,0.010500,-0.004071
0.63400,-0.085667,0.001758,-0.012489
0.63500,0.069916,-0.000833,-0.016375
0.63600,0.113628,-0.002937,-0.019775
0.63700,0.147465,-0.002614,-0.022203
0.63800,0.176444,-0.007470,-0.014594
0.63900,0.073478,-0.000995,0.012281
0.64000,0.014871,0.002243,0.011957
0.64100,0.078011,0.000139,0.003700
0.64200,0.143579,0.003215,-0.008927
0.64300,-0.003423,0.001434,-0.029650
0.64400,-0.172605,-0.013137,-0.026089
0.64500,-0.022365,0.005643,-0.021232
0.64600,0.048384,0.007748,-0.004556
0.64700,0.015195,-0.009413,-0.001318
0.64800,0.009367,-0.003585,-0.013137
0.64900,-0.026574,0.004348,-0.025117
0.65000,-0.152206,0.012281,-0.014918
0.65100,-0.419983,0.012929,-0.039202
0.65200,-0.220850,0.007910,-0.021879
0.65300,0.005643,0.005481,0.004672
0.65400,0.055022,0.013414,0.031385
0.65500,0.028794,0.020700,0.044498
0.65600,-0.146216,0.017138,0.037537
0.65700,0.006291,0.005319,0.015681
0.65800,0.078497,0.005481,-0.001318
0.65900,0.108933,-0.004071,-0.031107
0.66000,0.178225,-0.006175,-0.012327
0.66100,0.167702,-0.006337,-0.028193
0.66200,0.085782,-0.014918,-0.033698
0.66300,-0.059277,-0.006823,-0.002937
0.66400,-0.164834,-0.004394,0.000139
0.66500,-0.132131,-0.008766,0.007748
0.66600,-0.110599,0.006776,0.011795
0.66700,0.000948,0.003862,0.020700
0.66800,0.136456,0.009529,0.012281
0.66900,0.107314,0.015519,0.022804
0.67000,-0.096190,-0.006985,0.039965
0.67100,0.050651,0.002243,0.067812
0.67200,0.150379,-0.006661,0.065059
0.67300,-0.052640,-0.006337,0.048546
0.67400,-0.002452,-0.004556,0.008719
0.67500,-0.033698,-0.006985,0.011310
0.67600,0.017785,-0.011194,0.019728
0.67700,-0.028193,0.003053,0.004024
0.67800,0.066516,0.006291,0.001596
0.67900,0.199595,-0.002128,-0.016051
0.68000,-0.042278,0.011310,-0.012165
0.68100,-0.059925,-0.003261,-0.009737
0.68200,-0.070448,0.002243,-0.012327
0.68300,-0.240926,-0.000833,-0.007470
0.68400,-0.094733,0.004024,0.011148
0.68500,-0.092304,0.002081,0.001596
0.68600,-0.086314,0.007262,-0.010546
0.68700,-0.065915,0.013090,0.007262
0.68800,-0.062515,0.015195,-0.001318
0.68900,0.108610,0.009367,0.001110
0.69000,0.109743,0.003539,0.009853
0.69100,0.067973,0.003053,0.033328
0.69200,0.042232,0.002405,0.015843
0.69300,0.048546,0.016166,0.024261
0.69400,0.032842,0.008234,0.017462
0.69500,-0.027708,0.012443,0.008557
0.69600,-0.005366,0.002729,0.018433
0.69700,0.151026,0.005967,0.029280
0.69800,0.137427,-0.000509,0.014386
0.69900,0.073802,-0.002775,-0.006499
0.70000,0.086268,0.003539,0.005319
0.70100,0.019890,0.006129,0.000139
0.70200,-0.112380,-0.000833,-0.000023
0.70300,-0.212756,0.002081,-0.010708
0.70400,0.025556,0.005158,-0.016537
0.70500,0.115733,0.020052,-0.014108
0.70600,-0.001156,0.013090,0.001110
0.70700,0.095334,0.004348,0.034137
0.70800,-0.173738,-0.004556,0.021995
0.70900,-0.144111,-0.011842,0.034299
0.71000,0.183891,-0.008766,0.018433
0.71100,0.086430,-0.005851,0.000786
0.71200,0.073802,-0.020908,0.010662
0.71300,-0.030622,-0.022851,0.000624
0.71400,0.047736,-0.019613,-0.001156
0.71500,0.103267,-0.025927,0.015843
0.71600,0.053403,-0.021232,0.032356
0.71700,0.033004,-0.021555,0.033813
0.71800,-0.108818,-0.015403,0.018433
0.71900,-0.013461,-0.011680,-0.005690
0.72000,0.004672,-0.001480,-0.008442
0.72100,0.038670,-0.004718,-0.023822
0.72200,0.039318,-0.011518,-0.017022
0.72300,-0.134883,0.000139,-0.049887
0.72400,-0.155444,-0.001318,-0.025441
0.72500,0.032194,0.000786,0.000463
0.72600,0.092258,-0.003423,0.019081
0.72700,0.127551,0.010662,0.030737
0.72800,0.061983,0.019243,0.022966
0.72900,-0.016051,0.019081,-0.010708
0.73000,0.042070,0.007586,-0.009089
0.73100,0.115247,-0.010061,0.000139
0.73200,0.038023,-0.017508,0.001434
0.73300,-0.188309,-0.018156,0.015033
0.73400,-0.313941,-0.004071,0.030899
0.73500,-0.145568,0.012119,0.011471
0.73600,0.014548,0.017947,-0.027222
0.73700,-0.049402,0.018271,-0.027708
0.73800,-0.100723,0.013414,-0.038231
0.73900,0.028794,0.010338,-0.025927
0.74000,0.183730,0.007424,-0.006985
0.74100,0.088534,-0.004233,0.006615
0.74200,-0.029003,0.007100,-0.001480
0.74300,0.068297,0.017785,-0.010870
0.74400,0.202510,0.009043,0.004834
0.74500,-0.133264,0.014386,0.002243
0.74600,-0.366072,0.001920,-0.013784
0.74700,-0.124684,0.004024,-0.013461
0.74800,0.143255,0.007748,-0.019613
0.74900,0.012119,-0.017832,-0.014108
0.75000,-0.084533,-0.021717,-0.012327
0.75100,0.071211,-0.021879,-0.042764
0.75200,-0.050211,-0.014270,-0.059601
0.75300,-0.058792,-0.001966,-0.037259
0.75400,-0.073039,-0.008927,-0.027546
0.75500,-0.028193,-0.018803,0.015681
0.75600,-0.001642,-0.011194,-0.008118
0.75700,-0.086800,-0.007632,-0.015080
0.75800,0.150217,-0.013623,0.002729
0.75900,0.072668,0.002567,0.023614
0.76000,-0.117560,0.009529,0.016814
0.76100,-0.092628,0.005158,0.000948
0.76200,-0.063972,0.001920,-0.023822
0.76300,0.000948,0.008072,-0.032888
0.76400,0.060688,-0.001804,-0.038878
0.76500,0.088211,0.018595,-0.037583
0.76600,-0.016375,0.021995,-0.018156
0.76700,-0.014918,0.024747,-0.007147
0.76800,0.068297,0.005319,-0.024146
0.76900,0.106181,0.000624,-0.037907
0.77000,0.117352,0.004510,-0.042116
0.77100,0.129332,0.000786,-0.041793
0.77200,0.050812,-0.001642,-0.005851
0.77300,0.020700,0.006615,0.014548
0.77400,0.019890,0.001272,0.016328
0.77500,-0.014270,0.009043,0.005805
0.77600,-0.052963,0.014548,-0.019289
0.77700,-0.032726,0.011471,-0.012975
0.77800,0.012767,0.007424,0.027499
0.77900,0.013576,0.005158,0.007910
0.78000,0.098896,0.014871,-0.000671
0.78100,-0.003423,0.000786,-0.038717
0.78200,-0.043735,-0.006175,-0.029165
0.78300,-0.008280,-0.006013,-0.008118
0.78400,-0.003909,-0.005851,0.003377
0.78500,0.015843,-0.002614,0.000139
0.78600,-0.025117,-0.009575,0.016490
0.78700,-0.010870,-0.001318,0.006453
0.78800,-0.041307,-0.001966,-0.007956
0.78900,-0.035640,0.001596,-0.025441
0.79000,-0.031107,-0.001318,-0.012165
0.79100,-0.009737,-0.001966,-0.010870
0.79200,-0.005851,0.007100,0.007424
0.79300,-0.006013,0.010176,-0.000671
0.79400,-0.007956,0.005643,0.006291
0.79500,-0.036126,0.003377,-0.015241
0.79600,-0.018156,0.001434,-0.010385
0.79700,-0.028679,0.014062,-0.012165
0.79800,-0.007470,0.021833,-0.002614
0.79900,-0.018156,0.021185,-0.029326
0.80000,-0.013623,0.019404,-0.026250
0.80100,-0.014270,0.010824,-0.029974
0.80200,-0.022041,0.000786,0.009853
0.80300,-0.005851,0.007424,0.027337
0.80400,-0.019775,0.012281,0.046279
0.80500,-0.024470,0.011633,0.031709
0.80600,-0.003423,0.014548,0.026204
0.80700,-0.006823,0.003215,0.013576
0.80800,-0.015727,-0.005366,0.009205
0.80900,-0.010546,-0.009251,-0.020098
0.81000,-0.028517,-0.000833,-0.014918
0.81100,-0.016537,-0.002452,-0.033212
0.81200,-0.020422,-0.001642,-0.021879
0.81300,-0.014756,-0.020260,-0.018318
0.81400,-0.013299,-0.025117,0.005481
0.81500,-0.016051,-0.015080,0.012929
0.81600,-0.002128,-0.013623,-0.001642
0.81700,-0.009737,-0.003261,-0.013623
0.81800,-0.000509,-0.001642,-0.004880
0.81900,-0.003261,-0.009737,0.003539
0.82000,0.004024,-0.014594,0.002729
0.82100,0.009043,-0.015241,0.023290
0.82200,0.001596,-0.012975,0.020700
0.82300,-0.008927,0.002081,0.016652
0.82400,-0.007632,-0.000023,0.011795
0.82500,-0.003909,0.003700,0.020862
0.82600,-0.012004,-0.010223,0.015033
0.82700,-0.003909,-0.015889,0.015357
0.82800,-0.000671,-0.018641,0.024261
0.82900,-0.006661,-0.012004,0.020862
0.83000,-0.020908,-0.005042,0.013252
0.83100,-0.002128,0.000301,0.018595
0.83200,0.001110,-0.000995,0.007100
0.83300,-0.008604,-0.003747,-0.003909
0.83400,-0.002290,-0.007309,-0.001318
0.83500,-0.000509,0.015357,0.005805
0.83600,-0.023660,0.032518,0.000463
0.83700,-0.002775,0.029280,-0.010223
0.83800,-0.006175,0.017624,-0.021070
0.83900,-0.014756,-0.022851,-0.020584
0.84000,-0.028841,-0.072229,-0.024793
0.84100,-0.027060,-0.048754,-0.006823
0.84200,-0.012975,0.001434,-0.001318
0.84300,-0.032564,0.007586,-0.000347
0.84400,-0.000347,0.009367,-0.005690
0.84500,0.010500,0.011795,-0.001480
0.84600,0.007100,-0.011842,0.012929
0.84700,0.019404,-0.027869,0.027175
0.84800,0.010662,-0.016860,0.013576
0.84900,-0.002614,0.004186,0.006938
0.85000,-0.013946,-0.008766,0.017785
0.85100,-0.009089,0.004024,0.015195
0.85200,0.009205,0.016814,0.003700
0.85300,-0.007632,0.033166,0.030575
0.85400,-0.006499,0.036080,-0.013784
0.85500,0.007100,0.014871,-0.020584
0.85600,-0.011842,-0.000833,-0.021555
0.85700,0.010014,-0.000185,-0.052316
0.85800,-0.002452,-0.031107,-0.050697
0.85900,-0.005204,-0.046811,-0.027384
0.86000,-0.010061,-0.035155,0.003539
0.86100,-0.011842,-0.019775,0.014709
0.86200,-0.005851,0.000463,0.007910
0.86300,-0.012165,0.015519,0.009853
0.86400,0.002567,0.020052,-0.005690
0.86500,0.010176,0.006938,0.004510
0.86600,0.016328,-0.002937,0.002405
0.86700,0.015033,-0.010546,-0.016051
0.86800,-0.003747,0.001758,-0.016051
0.86900,-0.016213,-0.008442,-0.015889
0.87000,-0.005204,0.017462,-0.010708
0.87100,0.011957,-0.004556,-0.000023
0.87200,0.027985,-0.010546,0.008395
0.87300,0.027823,-0.013137,0.006453
0.87400,0.007100,-0.012165,-0.002452
0.87500,0.000786,0.003539,0.004834
0.87600,0.000463,-0.004071,0.011957
0.87700,0.007262,0.017785,0.005805
0.87800,0.017138,0.009043,0.008072
0.87900,-0.000023,-0.005690,0.003700
0.88000,0.016490,-0.011680,0.006776
0.88100,0.001758,0.003700,-0.003423
0.88200,0.000948,0.020538,0.008557
0.88300,-0.000185,-0.001966,-0.010385
0.88400,0.008072,0.004186,-0.005528
0.88500,0.011471,-0.014432,-0.014594
0.88600,0.016976,-0.012327,0.005967
0.88700,0.018595,-0.006661,0.012929
0.88800,0.003700,0.007100,0.005805
0.88900,0.014548,0.033166,0.016005
0.89000,-0.008442,0.015357,0.008881
0.89100,-0.006985,-0.000509,0.007748
0.89200,-0.004233,-0.001156,0.012119
0.89300,-0.020746,-0.012975,0.020052
0.89400,0.030413,-0.014594,0.023614
0.89500,0.028633,0.008557,0.004672
0.89600,0.030413,0.003539,0.009853
0.89700,0.019243,-0.013461,-0.000185
0.89800,0.008395,-0.032241,-0.013623
0.89900,-0.009575,-0.010546,-0.016537
0.90000,-0.000023,-0.013461,-0.010708
0.90100,0.000624,-0.036288,-0.011680
0.90200,-0.002614,-0.024631,-0.006661
0.90300,-0.007632,0.017300,-0.016537
0.90400,0.002243,0.013738,0.006129
0.90500,0.007424,-0.005366,0.007262
0.90600,-0.002128,0.015033,0.000301
0.90700,0.005967,-0.007309,0.008557
0.90800,-0.003747,-0.020260,0.017462
0.90900,-0.001156,-0.050697,0.014062
0.91000,-0.004071,-0.028517,0.005643
0.91100,-0.000185,-0.015080,0.008557
0.91200,0.010824,0.007748,-0.004556
0.91300,0.009529,0.031547,-0.001156
0.91400,0.011633,-0.005528,0.006615
0.91500,0.003539,-0.054744,0.008072
0.91600,0.014709,-0.056525,0.002891
0.91700,0.017785,-0.047297,0.010338
0.91800,0.020700,-0.004233,0.002405
0.91900,0.001920,0.024261,-0.003585
0.92000,-0.012975,-0.014918,-0.001966
0.92100,-0.029488,-0.061706,0.006129
0.92200,-0.002452,-0.042926,0.001110
0.92300,0.012443,0.088696,0.009529
0.92400,0.011957,0.084325,0.009853
0.92500,0.014709,0.030737,0.001758
0.92600,-0.020260,0.075097,0.004186
0.92700,-0.021394,0.137265,0.000301
0.92800,0.003700,0.072183,-0.006661
0.92900,-0.000509,-0.005851,0.000463
0.93000,0.007100,-0.001804,0.003539
0.93100,-0.000509,0.002243,0.010176
0.93200,0.005319,0.011148,0.000624
0.93300,0.005158,0.024585,0.009529
0.93400,-0.000995,0.026528,0.000624
0.93500,0.000139,0.021995,-0.004071
0.93600,0.002243,-0.014432,0.006129
0.93700,0.021833,-0.020908,0.002243
0.93800,0.004186,0.009691,-0.015889
0.93900,0.010338,0.005643,-0.005366
0.94000,-0.005366,-0.008604,-0.007147
0.94100,-0.014432,-0.022527,0.012443
0.94200,-0.018965,-0.010223,0.016814
0.94300,-0.009251,-0.004718,0.006776
0.94400,-0.008280,-0.034669,0.010824
0.94500,0.002243,-0.075953,-0.005851
0.94600,0.001110,-0.133102,-0.005690
0.94700,0.006129,-0.155606,0.006938
0.94800,0.000463,-0.054420,-0.004233
0.94900,-0.018318,0.082706,0.009691
0.95000,-0.011680,0.026690,0.011148
0.95100,-0.005528,-0.152692,0.007910
0.95200,-0.012813,-0.344540,0.004834
0.95300,-0.003585,-0.299856,-0.004718
0.95400,-0.002775,-0.164834,0.000948
0.95500,-0.019613,0.222261,0.005643
0.95600,-0.021070,0.441145,0.001920
0.95700,-0.016860,0.208985,0.009043
0.95800,-0.020908,0.209471,0.007424
0.95900,-0.004556,0.118000,0.009691
0.96000,0.008881,0.007910,-0.005204
0.96100,-0.004718,0.001434,0.008395
0.96200,-0.005204,0.032032,0.009043
0.96300,-0.013299,0.081897,-0.011194
0.96400,0.003377,0.004834,-0.014756
0.96500,0.003377,0.026204,-0.010385
0.96600,0.001920,0.024261,-0.006661
0.96700,0.007910,0.071373,0.001110
0.96800,0.000624,0.108933,0.000139
0.96900,0.005319,0.030899,0.004672
0.97000,-0.008766,-0.022041,0.006453
0.97100,0.002081,-0.105742,0.009529
0.97200,0.004186,-0.258087,-0.007794
0.97300,0.017300,-0.330778,-0.009737
0.97400,0.002081,-0.231374,0.008719
0.97500,-0.017670,-0.005204,-0.001966
0.97600,-0.012004,0.170778,0.012929
0.97700,-0.010385,0.306285,-0.000023
0.97800,-0.033374,0.142122,-0.006823
0.97900,-0.014108,-0.258410,0.001110
0.98000,0.002891,-0.168234,0.004834
0.98100,-0.000995,-0.289980,-0.002452
0.98200,-0.003909,-0.310379,-0.002937
0.98300,-0.012975,-0.138931,0.001110
0.98400,-0.019613,0.169159,0.000139
0.98500,-0.019936,0.267592,0.006776
0.98600,0.004834,0.195710,0.004510
0.98700,0.021509,0.366511,-0.004880
0.98800,0.021995,0.062631,-0.008442
0.98900,0.010014,0.065059,-0.005366
0.99000,-0.014108,0.112495,-0.008927
0.99100,-0.001804,0.075421,-0.000347
0.99200,0.009853,0.051298,-0.000833
0.99300,0.019728,0.040613,-0.003909
0.99400,0.020862,0.074287,-0.004394
0.99500,0.006615,0.126904,0.001272
0.99600,-0.012489,0.147950,0.000139
0.99700,-0.011518,0.046279,-0.009737
0.99800,-0.013946,0.094363,-0.006985
0.99900,-0.017184,0.047898,-0.012165
1.00000,0.002891,0.069592,-0.004556
1.00100,0.011957,0.038832,-0.008442
1.00200,0.012443,0.007262,-0.001804
1.00300,0.011148,-0.066239,-0.008280
1.00400,-0.000023,-0.129864,-0.004071
1.00500,-0.004394,-0.083400,-0.004556
1.00600,0.000948,-0.066725,-0.003099
1.00700,-0.018965,-0.011032,-0.002128
1.00800,-0.009737,-0.028031,0.001272
1.00900,0.014386,-0.202232,-0.001480
1.01000,0.003377,-0.228136,0.003215
1.01100,0.001596,-0.223279,0.006615
1.01200,-0.002775,-0.062839,0.004834
1.01300,-0.006175,0.162035,0.012929
1.01400,-0.006499,0.072183,0.009853
1.01500,-0.010546,-0.000671,-0.000995
1.01600,-0.002128,-0.286257,0.005481
1.01700,-0.000671,-0.327540,0.007910
1.01800,0.016976,-0.229431,-0.001804
1.01900,0.015357,-0.099590,-0.001966
1.02000,-0.007956,0.007586,0.001110
1.02100,-0.015565,0.299971,0.009529
1.02200,0.021509,0.343845,0.006615
1.02300,0.004672,-0.073201,0.006615
1.02400,-0.008604,0.021671,0.003215
1.02500,-0.006337,0.096143,0.008072
1.02600,-0.004556,0.370720,-0.000347
1.02700,0.005319,0.094363,0.002729
1.02800,0.015843,-0.033050,0.006938
1.02900,0.021671,0.062631,0.016005
1.03000,0.009529,-0.048268,0.010986
1.03100,-0.005042,0.107314,0.013252
1.03200,-0.038555,0.012281,0.011310
1.03300,-0.023660,0.021833,0.003539
1.03400,-0.000185,0.033975,0.011957
1.03500,0.023776,0.019404,0.008395
1.03600,0.028794,-0.111894,0.007748
1.03700,0.018595,-0.171958,0.007424
1.03800,0.005481,-0.270229,0.000786
1.03900,-0.004233,-0.253230,-0.000995
1.04000,-0.013784,-0.041145,-0.000995
1.04100,-0.039202,0.085135,0.003215
1.04200,-0.030784,-0.019451,0.012929
1.04300,-0.014756,0.176930,0.018919
1.04400,-0.002937,0.090639,0.019243
1.04500,0.018109,-0.163215,0.017300
1.04600,0.001110,0.077525,0.015357
1.04700,0.020538,0.153293,0.017785
1.04800,0.000463,0.124637,0.034299
1.04900,-0.018965,-0.016699,0.010986
1.05000,0.009205,0.036080,0.009367
1.05100,0.005967,-0.020584,0.000301
1.05200,0.037537,-0.034993,0.011471
1.05300,0.031223,0.006938,0.004348
1.05400,0.018109,-0.103961,0.001110
1.05500,0.009043,-0.101532,-0.000509
1.05600,-0.004233,0.003215,0.012929
1.05700,0.002891,0.030413,-0.002290
1.05800,-0.007956,0.127875,-0.008927
1.05900,-0.005042,0.241851,0.002729
1.06000,0.021185,0.071373,0.003377
1.06100,0.028471,0.002891,-0.008766
1.06200,0.020052,-0.235097,-0.029165
1.06300,0.004672,-0.453010,-0.006823
1.06400,-0.025279,-0.592728,-0.008766
1.06500,-0.045354,-0.388899,-0.004394
1.06600,-0.004233,0.209471,-0.015727
1.06700,0.017462,0.365540,0.011471
1.06800,0.015843,0.280382,-0.005204
1.06900,0.021509,0.369425,0.000139
1.07000,0.013252,0.135970,-0.000347
1.07100,-0.012165,0.004834,-0.011518
1.07200,-0.020584,0.050489,-0.000347
1.07300,0.008072,-0.057658,0.025556
1.07400,0.009367,0.005643,0.004996
1.07500,0.007910,-0.134721,0.013252
1.07600,0.002405,-0.131321,0.014386
1.07700,0.026528,-0.065429,0.023938
1.07800,0.026366,0.004672,0.003377
1.07900,-0.001156,0.035918,-0.024631
1.08000,0.002567,-0.055230,-0.042440
1.08100,-0.009737,-0.176491,-0.028517
1.08200,-0.025765,0.008881,-0.016537
1.08300,-0.033698,0.232622,-0.003261
1.08400,-0.017184,0.187777,0.000139
1.08500,-0.020260,0.146493,0.008881
1.08600,-0.013137,0.040937,0.020862
1.08700,0.018757,0.015519,0.011310
1.08800,0.011471,-0.156254,0.025233
1.08900,0.015357,-0.228945,0.003377
1.09000,0.019728,-0.202556,0.006129
1.09100,0.015357,-0.041469,-0.001480
1.09200,0.029442,0.093877,0.010176
1.09300,0.020700,0.189396,0.001434
1.09400,0.006615,0.265973,0.008719
1.09500,0.003539,-0.011842,0.023938
1.09600,-0.007956,-0.043735,0.006291
1.09700,-0.005851,-0.083400,0.005481
1.09800,-0.001966,-0.092304,-0.005204
1.09900,0.003862,-0.024631,0.005481
1.10000,-0.034831,-0.244649,0.001110
1.10100,-0.029650,-0.550310,-0.001804
1.10200,0.004996,-0.498989,0.001758
1.10300,-0.002290,0.259012,0.001272
1.10400,-0.012651,0.377844,-0.005042
1.10500,-0.027222,-0.277029,0.009853
1.10600,-0.027546,0.122209,-0.005851
1.10700,-0.040659,0.418642,-0.002614
1.10800,-0.004394,0.141636,-0.002614
1.10900,0.016814,0.398081,-0.006175
1.11000,0.007910,0.054374,0.000301
1.11100,0.001110,0.045955,-0.006499
1.11200,-0.011194,0.193605,0.003539
1.11300,-0.025279,0.168188,-0.005204
1.11400,-0.002128,0.136294,0.004672
1.11500,0.009205,0.106829,0.001272
1.11600,-0.001804,-0.010061,0.001758
1.11700,0.020862,-0.116103,0.005158
1.11800,-0.008604,-0.084209,0.004186
1.11900,-0.027708,-0.189928,-0.002614
1.12000,0.005805,-0.065429,-0.001966
1.12100,0.008234,-0.222793,0.038023
1.12200,-0.021070,-0.223926,0.027985
1.12300,-0.005690,-0.060734,0.006453
1.12400,-0.016375,-0.257601,-0.012165
1.12500,-0.003585,-0.058468,-0.017832
1.12600,-0.006337,0.256421,-0.018965
1.12700,0.016490,0.192310,-0.015565
1.12800,0.034947,0.196843,-0.001156
1.12900,0.044498,0.122047,-0.018641
1.13000,0.053727,0.103753,-0.012327
1.13100,0.018271,0.029442,0.002081
1.13200,0.012929,-0.138769,-0.002937
1.13300,-0.027546,-0.181348,0.006453
1.13400,-0.051021,-0.041307,-0.002614
1.13500,-0.046002,0.126418,0.007262
1.13600,-0.013299,-0.274600,-0.001318
1.13700,-0.033536,-0.560186,-0.001966
1.13800,-0.022041,-0.468391,-0.001480
1.13900,-0.006823,-0.336930,0.001434
1.14000,-0.024308,-0.072229,0.006776
1.14100,0.001272,0.555930,0.007100
1.14200,0.023128,0.520313,0.002567
1.14300,-0.001318,0.181301,0.009043
1.14400,0.008234,0.287667,0.004834
1.14500,0.042070,0.140503,0.010176
1.14600,0.026528,0.047736,0.001758
1.14700,0.022480,0.033651,-0.008766
1.14800,0.043041,-0.021717,-0.015727
1.14900,0.053079,-0.195109,-0.012327
1.15000,-0.010708,-0.026089,-0.020584
1.15100,-0.046002,-0.035964,-0.018318
1.15200,-0.022689,-0.199966,-0.003261
1.15300,-0.030460,-0.084209,0.002243
1.15400,-0.023336,0.057450,-0.000995
1.15500,0.017138,0.084325,-0.011356
1.15600,-0.004880,0.106343,-0.011356
1.15700,0.006938,0.205424,-0.005204
1.15800,0.006938,0.006938,0.006615
1.15900,-0.002937,-0.008927,-0.006013
1.16000,-0.023498,-0.004394,-0.013299
1.16100,-0.042926,-0.006661,0.004996
1.16200,-0.045678,0.041422,-0.000995
1.16300,-0.040497,0.021347,0.004834
1.16400,-0.001642,0.005643,-0.010385
1.16500,0.018595,-0.016051,-0.049402
1.16600,0.025880,0.032518,-0.090362
1.16700,0.031709,0.035594,-0.113675
1.16800,0.042718,-0.041469,-0.087286
1.16900,0.024423,-0.182319,-0.039688
1.17000,-0.012327,-0.122903,0.002081
1.17100,-0.049240,0.091448,0.024423
1.17200,-0.039202,-0.007309,0.047736
1.17300,-0.009899,-0.186528,0.063602
1.17400,-0.020422,-0.113837,0.058422
1.17500,-0.019775,-0.036450,0.028794
1.17600,-0.039526,0.124637,-0.024631
1.17700,-0.026412,0.240717,-0.028517
1.17800,0.004024,0.103429,-0.029003
1.17900,0.026366,-0.066887,-0.005851
1.18000,0.018271,-0.028355,0.005967
1.18100,-0.022041,-0.012327,0.000786
1.18200,-0.003747,-0.005690,0.047898
1.18300,0.025071,0.025233,0.072668
1.18400,0.009529,-0.005528,0.011633
1.18500,0.020214,-0.100723,-0.035317
1.18600,-0.001318,-0.087933,-0.067048
1.18700,0.004834,-0.005204,-0.081133
1.18800,0.029442,-0.017022,-0.040821
1.18900,0.028633,0.002081,0.015033
1.19000,-0.000347,-0.042440,0.036242
1.19100,-0.028031,-0.033698,0.038184
1.19200,0.009529,-0.068829,0.080116
1.19300,0.008234,-0.016699,0.120428
1.19400,0.006776,0.009367,0.089344
1.19500,-0.014108,0.011957,0.072345
1.19600,-0.039364,0.026204,0.050327
1.19700,-0.038393,-0.025441,0.026528
1.19800,-0.040012,-0.018965,0.012443
1.19900,-0.028679,0.022480,-0.005690
1.20000,0.017947,0.006776,-0.006337
1.20100,0.032032,-0.053449,-0.000185
1.20200,0.023614,-0.047945,-0.001642
1.20300,-0.000347,0.012119,-0.009575
1.20400,-0.002290,0.089668,-0.017184
1.20500,0.020700,0.060364,-0.003747
1.20600,0.024099,0.021833,-0.001318
1.20700,0.019728,-0.040497,-0.009737
1.20800,-0.006175,-0.055392,-0.001642
1.20900,0.001758,-0.102504,0.000139
1.21000,0.039803,-0.090847,0.006615
1.21100,0.046603,0.007586,0.005481
1.21200,0.010662,-0.021555,-0.001966
1.21300,-0.044383,-0.031107,-0.005204
1.21400,-0.044707,0.003862,0.005158
1.21500,-0.035802,-0.000671,0.002729
1.21600,-0.027869,-0.030784,-0.001966
1.21700,-0.050859,0.015195,0.002891
1.21800,-0.040659,0.014386,0.007586
1.21900,-0.016051,0.000624,0.004024
1.22000,-0.001480,0.010014,-0.003747
1.22100,0.008234,0.003377,-0.012651
1.22200,-0.015565,-0.003099,-0.002614
1.22300,-0.006823,0.011310,-0.003747
1.22400,-0.004880,0.014871,-0.003909
1.22500,0.008881,-0.006013,-0.007632
1.22600,0.017138,-0.013946,0.005967
1.22700,0.025556,-0.006013,0.010986
1.22800,0.007910,0.016652,0.011310
1.22900,0.007586,0.005643,-0.008280
1.23000,0.017300,-0.012975,0.002891
1.23100,-0.008118,0.005158,0.000948
1.23200,0.003700,0.012929,0.003053
1.23300,-0.000995,0.003862,0.005481
1.23400,-0.002614,0.002729,-0.000347
1.23500,0.011310,-0.001480,-0.002775
1.23600,-0.014594,0.003539,0.003215
1.23700,0.001434,0.004510,-0.011356
1.23800,0.011471,0.004510,-0.012327
1.23900,-0.006499,0.013252,-0.004394
1.24000,0.010176,-0.001642,-0.007470
1.24100,0.007910,0.006453,-0.004071
1.24200,0.004834,0.014386,-0.009575
1.24300,-0.013623,0.012443,-0.011518
1.24400,-0.004556,0.008719,-0.000347
1.24500,0.011957,0.002243,-0.008118
1.24600,0.014386,0.005319,0.001272
1.24700,0.003700,0.010662,-0.000185
1.24800,0.013414,0.007100,0.011148
1.24900,0.004186,0.009529,0.018109
1.25000,-0.009575,0.007586,0.010500
1.25100,-0.003423,0.001110,0.003215
1.25200,-0.004880,-0.007309,-0.003747
1.25300,0.007262,0.004996,-0.010385
1.25400,-0.004556,0.004672,0.000139
1.25500,0.001758,0.014871,-0.012975
1.25600,-0.003585,0.008072,0.005319
1.25700,0.001272,-0.004718,0.010500
1.25800,0.008395,0.002081,0.002405
1.25900,-0.004394,0.008395,0.024261
1.26000,0.008557,0.012281,0.000463
1.26100,-0.001966,0.006938,0.009043
1.26200,0.002729,-0.002614,0.005643
1.26300,0.003377,0.010014,0.004186
1.26400,-0.005042,0.001758,-0.007147
1.26500,0.005643,-0.000509,-0.008118
1.26600,0.006615,-0.002290,-0.000509
1.26700,0.010014,0.000301,0.003539
1.26800,0.007100,0.000463,-0.000185
1.26900,0.010500,0.000786,0.007424
1.27000,-0.000995,0.009691,-0.009251
1.27100,0.006615,-0.001318,-0.006661
1.27200,-0.005366,-0.001642,0.005643
1.27300,0.002081,-0.002452,0.009853
1.27400,-0.008604,0.004186,0.010176
1.27500,-0.007632,0.000463,0.013738
1.27600,-0.000347,0.005967,0.016652
1.27700,-0.010870,0.008557,-0.001318
1.27800,-0.014756,0.003700,-0.042278
1.27900,-0.009899,-0.001642,-0.097971
1.28000,-0.000671,-0.004718,-0.078057
1.28100,0.004672,-0.004718,-0.011680
1.28200,0.006615,-0.010223,-0.051668
1.28300,0.001758,0.004510,-0.028193
1.28400,-0.000347,-0.004880,-0.001318
1.28500,0.005967,-0.002614,-0.008766
1.28600,0.014709,-0.012651,0.025880
1.28700,0.019243,-0.009899,0.071049
1.28800,0.009043,0.000948,0.075259
1.28900,0.007910,-0.002290,-0.030945
1.29000,0.002567,0.001596,-0.085667
1.29100,-0.001156,0.002243,-0.057658
1.29200,0.000786,-0.011518,-0.041307
1.29300,0.007424,0.007424,-0.013461
1.29400,0.001434,0.006938,0.006453
1.29500,-0.002775,0.006129,-0.046002
1.29600,-0.003099,0.006615,-0.061868
1.29700,-0.002775,0.003539,-0.014270
1.29800,0.001596,0.006615,0.005481
1.29900,0.009853,-0.002452,0.005319
1.30000,0.010338,0.008557,0.020214
1.30100,0.014062,0.000786,0.044660
1.30200,0.018919,0.000463,0.063117
1.30300,0.017138,0.010014,0.027661
1.30400,0.024261,0.000301,-0.105418
1.30500,0.014548,0.002567,-0.180052
1.30600,0.027499,-0.006175,-0.106875
1.30700,0.029442,-0.005366,-0.072715
1.30800,0.013090,-0.002937,0.006453
1.30900,0.015033,-0.004071,0.037051
1.31000,0.010338,0.004510,0.081897
1.31100,0.007586,0.004834,0.109581
1.31200,0.008557,-0.010223,0.129980
1.31300,-0.003747,0.001272,0.112981
1.31400,0.007100,-0.004071,0.117028
1.31500,0.000948,0.008234,0.078659
1.31600,-0.009251,0.009691,0.064574
1.31700,-0.013299,0.008719,0.064574
1.31800,-0.012327,-0.000023,0.040127
1.31900,-0.021232,0.002567,0.022319
1.32000,-0.037907,0.004186,0.002729
1.32100,-0.048268,-0.008604,-0.017994
1.32200,-0.047135,-0.008118,0.006615
1.32300,-0.007470,0.006938,0.021185
1.32400,0.012281,0.006291,0.015033
1.32500,0.041099,0.003539,0.009691
1.32600,0.060688,0.002405,0.023452
1.32700,0.045470,0.005158,0.019566
1.32800,0.046441,0.016814,0.019890
1.32900,0.055669,0.005158,-0.006823
1.33000,0.024747,0.010014,-0.012327
1.33100,0.026366,0.006291,-0.039040
1.33200,0.088696,-0.004556,-0.037098
1.33300,0.072345,-0.008927,-0.052640
1.33400,0.116381,-0.011680,-0.042440
1.33500,0.100677,-0.006823,-0.020260
1.33600,0.064088,-0.014270,-0.011194
1.33700,0.083192,-0.004233,-0.002128
1.33800,-0.009089,0.007586,-0.004233
1.33900,-0.127112,0.014548,0.018271
1.34000,-0.056039,0.032032,0.029442
1.34100,0.004186,0.013252,0.020862
1.34200,-0.106389,0.007100,0.018919
1.34300,-0.115779,0.002567,-0.006985
1.34400,-0.085990,-0.014756,-0.009575
1.34500,0.015681,-0.000185,-0.008927
1.34600,-0.093438,-0.004718,0.002243
1.34700,-0.290466,-0.011032,0.000463
1.34800,-0.227488,-0.010385,-0.006337
1.34900,-0.063487,-0.004071,-0.005851
1.35000,0.002891,0.007262,-0.005528
1.35100,0.071049,-0.008280,0.001434
1.35200,-0.037259,-0.007470,-0.011194
1.35300,-0.155930,-0.005366,-0.008280
1.35400,-0.063163,-0.004556,-0.009413
1.35500,-0.056201,0.002891,-0.012813
1.35600,-0.093923,0.006615,-0.004071
1.35700,-0.087286,0.017138,0.003539
1.35800,-0.069153,0.014386,-0.007470
1.35900,0.005805,0.009043,-0.007956
1.36000,0.118647,0.001596,-0.009089
1.36100,0.153779,-0.011356,-0.015403
1.36200,0.232461,-0.018803,-0.008766
1.36300,0.189396,-0.009737,-0.013784
1.36400,0.141960,-0.017346,-0.019127
1.36500,0.195872,-0.019289,-0.012975
1.36600,0.177416,-0.009413,-0.002290
1.36700,0.047898,0.003539,-0.013137
1.36800,0.014386,-0.008604,0.003539
1.36900,0.084001,-0.007147,-0.007309
1.37000,-0.090362,-0.008280,-0.009251
1.37100,-0.126303,-0.005528,-0.009413
1.37200,-0.135207,-0.004556,-0.005204
1.37300,-0.212917,-0.002290,-0.016375
1.37400,-0.098942,-0.003261,-0.008118
1.37500,-0.036288,-0.003261,0.005158
1.37600,0.109095,0.000301,-0.008442
1.37700,0.204776,0.002243,-0.010385
1.37800,0.125447,0.003539,-0.000833
1.37900,0.041422,0.001920,-0.007147
1.38000,0.057450,0.006615,-0.000347
1.38100,0.055184,0.005481,-0.015565
1.38200,-0.038069,0.011148,-0.014432
1.38300,-0.260191,0.008395,-0.007632
1.38400,-0.265858,0.022966,-0.000509
1.38500,-0.056201,0.009529,0.003862
1.38600,-0.030460,0.015519,0.004672
1.38700,0.013090,0.011310,0.006291
1.38800,-0.022041,0.004672,0.009691
1.38900,-0.066401,0.011633,0.006129
1.39000,-0.058306,-0.000185,0.006776
1.39100,0.026690,0.001758,0.001434
1.39200,0.001596,0.000948,0.001272
1.39300,-0.085343,0.004510,-0.013623
1.39400,-0.044059,0.014871,-0.000671
1.39500,-0.009575,0.009691,0.000301
1.39600,-0.006823,0.009205,0.004996
1.39700,-0.029165,0.009043,-0.010708
1.39800,-0.028679,0.014062,-0.009413
1.39900,-0.044221,0.015519,-0.007147
1.40000,-0.042926,0.016652,-0.004556
1.40100,-0.019775,0.024261,0.000948
1.40200,-0.029165,0.021347,0.002243
1.40300,-0.026736,0.024099,-0.002128
1.40400,0.024099,0.012929,-0.009089
1.40500,0.051784,0.014871,0.007100
1.40600,0.076230,0.011795,0.000301
1.40700,0.093877,0.010014,-0.007147
1.40800,0.035108,0.006938,-0.002452
1.40900,0.025233,0.009367,-0.005851
1.41000,0.012605,0.019243,-0.014108
1.41100,0.010824,0.016166,0.002243
1.41200,-0.004394,0.011471,-0.004556
1.41300,-0.008442,0.017138,0.004996
1.41400,-0.026574,0.017300,-0.008118
1.41500,-0.042926,0.026690,-0.000509
1.41600,0.008234,0.022966,0.004348
1.41700,0.044013,0.013090,0.008072
1.41800,0.012443,0.007748,-0.001804
1.41900,-0.009899,0.010986,0.000624
1.42000,-0.023174,0.015681,0.017785
1.42100,0.018433,0.016976,0.008234
1.42200,0.061012,0.007910,0.002081
1.42300,0.062631,-0.022041,-0.001642
1.42400,0.066516,-0.014594,-0.001480
1.42500,0.053727,-0.023174,0.012605
1.42600,-0.001966,-0.020584,0.011148
1.42700,-0.118370,-0.016699,0.020862
1.42800,-0.096676,-0.013946,-0.007309
1.42900,0.005967,-0.014756,0.002243
1.43000,-0.021394,-0.005042,0.006615
1.43100,-0.007632,0.012929,0.015033
1.43200,-0.018318,0.009529,0.005481
1.43300,-0.032403,0.009853,0.014871
1.43400,-0.024631,-0.001966,0.011795
1.43500,-0.038555,-0.005204,0.023452
1.43600,-0.085828,-0.020422,0.008719
1.43700,-0.064134,-0.026736,0.021347
1.43800,0.057936,-0.017994,0.002729
1.43900,0.107314,-0.022689,0.001434
1.44000,0.138075,-0.008118,0.009043
1.44100,0.115085,-0.000833,0.009367
1.44200,0.001758,-0.000347,0.009043
1.44300,0.000301,0.003215,0.011148
1.44400,-0.036450,-0.002452,-0.008604
1.44500,-0.040821,-0.000995,-0.000833
1.44600,0.012281,0.000301,0.003539
1.44700,0.000301,0.004510,-0.000995
1.44800,-0.004880,0.006291,0.011148
1.44900,-0.008766,0.002891,0.011795
1.45000,0.009853,0.004348,0.002567
1.45100,0.011633,-0.000347,0.013252
1.45200,-0.040659,0.005319,0.007262
1.45300,-0.017508,-0.000995,0.002081
1.45400,0.021023,-0.003747,0.003862
1.45500,0.001758,0.002081,-0.002775
1.45600,-0.001480,-0.003909,0.002081
1.45700,-0.007632,-0.001156,-0.010385
1.45800,-0.013299,0.000624,0.002405
1.45900,-0.004718,-0.005366,-0.000347
1.46000,-0.012651,-0.001480,0.006938
1.46100,0.000301,-0.004394,0.010986
1.46200,-0.010870,0.003539,0.006129
1.46300,-0.011842,0.000301,0.009043
1.46400,-0.012651,-0.007794,0.009043
1.46500,-0.000509,0.006938,0.001596
1.46600,-0.001804,0.000948,0.005481
1.46700,-0.008604,0.003053,0.012281
1.46800,-0.017832,0.002729,0.007100
1.46900,-0.009413,-0.010870,0.006453
1.47000,-0.006985,-0.002290,-0.001480
1.47100,-0.009899,0.001596,0.000463
1.47200,0.006615,-0.005851,0.005967
1.47300,-0.013784,-0.007147,0.001272
1.47400,-0.000185,0.002081,0.006291
1.47500,-0.019451,-0.000671,0.000948
1.47600,-0.018156,-0.007956,0.004834
1.47700,-0.006013,-0.014756,0.015357
1.47800,-0.022527,-0.000995,0.005158
1.47900,-0.017670,-0.004880,0.006453
1.48000,-0.010385,-0.009575,0.010824
1.48100,0.033651,-0.012165,0.013252
1.48200,0.041422,-0.010870,0.002891
1.48300,0.025395,-0.009575,0.003377
1.48400,0.021509,-0.005690,-0.003909
1.48500,0.036404,-0.015241,0.012119
1.48600,0.027337,-0.014432,0.017462
1.48700,-0.031269,-0.009737,-0.000995
1.48800,-0.088743,-0.011032,0.021833
1.48900,-0.074010,-0.005366,-0.004718
1.49000,-0.039202,-0.011032,-0.008927
1.49100,-0.025441,-0.010708,0.004672
1.49200,-0.004071,-0.015241,0.011957
1.49300,-0.001318,-0.014756,0.011148
1.49400,0.007748,-0.018318,-0.002290
1.49500,0.019728,-0.009413,-0.007470
1.49600,0.012929,-0.013461,0.002729
1.49700,0.008881,-0.019127,0.000139
1.49800,-0.015403,-0.011356,0.006453
1.49900,-0.043412,-0.008280,-0.005366
1.50000,-0.035964,-0.009575,0.002243
1.50100,-0.023660,-0.013137,0.006615
1.50200,-0.011518,-0.010870,0.003053
1.50300,-0.010223,-0.008280,0.004672
1.50400,-0.059277,-0.014918,0.000139
1.50500,-0.068182,-0.014594,0.004186
1.50600,-0.007470,-0.011194,0.005158
1.50700,0.013252,-0.012004,0.008881
1.50800,-0.000347,-0.018318,-0.004718
1.50900,-0.007632,-0.012165,0.006615
1.51000,-0.006985,-0.010708,0.010986
1.51100,0.005643,-0.013946,0.003377
1.51200,-0.007309,-0.014918,-0.001156
1.51300,-0.012004,-0.014270,0.009691
1.51400,0.000463,-0.024146,0.009691
1.51500,0.011310,-0.017508,-0.002452
1.51600,0.006129,-0.018965,0.009205
1.51700,-0.000671,-0.010708,0.012767
1.51800,0.015519,-0.010708,0.002405
1.51900,0.007262,-0.011356,-0.000023
1.52000,-0.005042,-0.014594,-0.000509
1.52100,-0.008766,-0.012489,-0.002128
1.52200,0.028794,-0.015080,-0.002452
1.52300,0.001272,0.001920,0.022319
1.52400,-0.023013,-0.004880,-0.004071
1.52500,-0.019936,-0.006823,-0.003099
1.52600,-0.052963,-0.006985,0.002729
1.52700,-0.017022,-0.012813,0.006938
1.52800,0.013576,-0.003909,0.008719
1.52900,-0.002775,0.000301,-0.013461
1.53000,-0.003747,-0.007147,0.008881
1.53100,0.004672,-0.002452,-0.007470
1.53200,0.042232,-0.000023,-0.003261
1.53300,0.050003,0.002243,0.005158
1.53400,0.017624,-0.007470,-0.007309
1.53500,0.022319,-0.001804,-0.002614
1.53600,0.005643,0.002729,0.006615
1.53700,-0.060087,-0.001480,0.011633
1.53800,-0.098295,0.003700,-0.003585
1.53900,0.004672,-0.000185,-0.007147
1.54000,0.059717,-0.000509,-0.002128
1.54100,0.059231,0.004348,-0.003909
1.54200,0.053403,0.004996,0.004834
1.54300,0.044175,0.002243,-0.005366
1.54400,0.079792,0.002081,0.002081
1.54500,0.060526,0.003700,-0.003423
1.54600,-0.013623,0.006938,0.002567
1.54700,-0.010061,0.002891,-0.004071
1.54800,0.003539,0.003377,-0.000833
1.54900,-0.000023,0.006291,-0.008927
1.55000,0.020052,0.009691,-0.000185
1.55100,-0.113027,0.002891,-0.001804
1.55200,-0.169853,-0.000185,0.013252
1.55300,-0.011194,0.004024,0.003377
1.55400,0.051784,-0.005851,-0.002937
1.55500,-0.031107,0.008881,0.008072
1.55600,-0.013299,-0.002937,-0.006661
1.55700,-0.013784,-0.002614,0.002891
1.55800,-0.027546,0.001596,0.017300
1.55900,-0.018156,0.003700,-0.016213
1.56000,-0.012975,0.011148,-0.011356
1.56100,-0.021070,0.006291,-0.003423
1.56200,-0.002128,-0.000671,-0.007632
1.56300,-0.007470,0.004186,-0.004233
1.56400,0.003377,-0.002775,-0.006175
1.56500,0.015195,0.000948,-0.019289
1.56600,0.005805,-0.004233,-0.004394
1.56700,0.016328,0.007424,-0.000185
1.56800,0.002891,0.001272,-0.005366
1.56900,0.010338,-0.004556,0.005481
1.57000,-0.013784,0.005158,-0.005851
1.57100,-0.014594,0.001920,0.006129
1.57200,-0.009251,-0.004556,0.003053
1.57300,-0.022689,0.006615,-0.000509
1.57400,-0.048107,-0.000995,-0.005204
1.57500,-0.035155,-0.003261,0.001110
1.57600,-0.019289,0.006776,-0.009575
1.57700,0.016490,0.002405,-0.001804
1.57800,0.039642,0.011633,-0.002290
1.57900,0.021185,0.006615,0.002081
1.58000,0.101810,0.004510,-0.014432
1.58100,0.137751,0.001596,0.001596
1.58200,0.075097,0.005158,-0.013946
1.58300,0.066354,0.003700,-0.010385
1.58400,0.040775,-0.001156,-0.010385
1.58500,0.008072,0.004186,-0.000347
1.58600,0.007910,0.002567,-0.006823
1.58700,-0.082105,0.002729,-0.003261
1.58800,-0.182967,0.006453,-0.007794
1.58900,-0.044869,-0.002614,0.001758
1.59000,0.110067,-0.004880,-0.002128
1.59100,0.039803,0.002891,0.001110
1.59200,0.059393,-0.001966,0.000301
1.59300,0.013090,-0.005528,0.005967
1.59400,-0.010061,-0.004394,0.015033
1.59500,-0.006337,-0.013946,-0.003747
1.59600,0.012605,-0.001966,0.020214
1.59700,0.047898,-0.002128,-0.002128
1.59800,0.030090,-0.002937,-0.000023
1.59900,0.035918,0.006938,-0.000185
1.60000,-0.054259,0.009853,-0.003909
1.60100,-0.128731,0.009529,-0.006175
1.60200,-0.080972,0.005158,-0.002290
1.60300,0.067326,0.000139,-0.005690
1.60400,0.095496,0.001434,0.002405
1.60500,0.035756,0.009205,0.000948
1.60600,0.031061,-0.003099,-0.025279
1.60700,0.031385,0.001110,-0.013137
1.60800,0.001920,-0.002290,-0.014594
1.60900,-0.037259,-0.001966,0.001596
1.61000,-0.024308,-0.003585,0.002891
1.61100,0.001596,-0.002128,-0.003585
1.61200,-0.025603,-0.005366,0.005967
1.61300,-0.085181,-0.004718,0.018271
1.61400,-0.083886,-0.002937,-0.006175
1.61500,-0.024631,-0.005042,-0.005690
1.61600,-0.027222,-0.001318,-0.008280
1.61700,-0.039850,-0.014594,-0.004718
1.61800,-0.053287,-0.001156,-0.011194
1.61900,-0.000347,-0.003099,-0.011842
1.62000,0.089020,-0.005366,0.002567
1.62100,0.082382,-0.007309,-0.006013
1.62200,0.073478,-0.006499,0.000624
1.62300,0.098086,-0.002290,-0.005204
1.62400,0.225985,-0.002452,-0.004880
1.62500,0.148436,0.007262,-0.012004
1.62600,-0.006823,0.003053,-0.012327
1.62700,0.100515,-0.005851,-0.001804
1.62800,0.108286,-0.001156,-0.013623
1.62900,0.003862,-0.003747,-0.020746
1.63000,-0.028355,-0.004394,-0.015080
1.63100,-0.125979,-0.011032,-0.020260
1.63200,-0.200128,-0.004394,-0.001156
1.63300,-0.006985,-0.007632,0.002405
1.63400,0.028633,-0.010546,-0.001804
1.63500,-0.053287,-0.004556,0.008234
1.63600,-0.137150,-0.018803,0.008881
1.63700,-0.119665,-0.001804,-0.001480
1.63800,-0.041469,-0.012165,0.002243
1.63900,-0.102990,-0.019289,0.003539
1.64000,-0.115779,-0.017184,0.016652
1.64100,-0.183128,-0.008766,0.004186
1.64200,-0.141035,-0.010870,-0.000023
1.64300,-0.101047,-0.022203,-0.011680
1.64400,-0.076277,-0.008604,0.001596
1.64500,-0.012004,-0.004233,-0.018803
1.64600,-0.035155,-0.010708,0.002405
1.64700,0.040775,-0.024308,-0.005528
1.64800,0.245088,-0.035155,-0.011518
1.64900,0.206233,-0.046164,-0.004556
1.65000,-0.023498,-0.034022,-0.012651
1.65100,-0.080810,0.039480,-0.025279
1.65200,0.036242,0.038184,-0.012813
1.65300,-0.007309,-0.023013,-0.026089
1.65400,-0.023498,-0.000185,-0.009089
1.65500,0.111200,-0.005851,0.004996
1.65600,0.030413,-0.009251,-0.000023
1.65700,0.116219,-0.008280,-0.001480
1.65800,0.088211,-0.008442,-0.022365
1.65900,0.092420,-0.007632,-0.033698
1.66000,0.110067,-0.007470,-0.020260
1.66100,0.014224,-0.004394,-0.001804
1.66200,-0.027384,-0.016699,0.017947
1.66300,-0.034993,0.001920,0.015843
1.66400,0.017624,0.002567,0.015843
1.66500,-0.055878,0.006129,-0.002452
1.66600,0.011957,0.000624,0.007586
1.66700,0.080601,0.007262,0.003539
1.66800,0.070240,0.011148,-0.004394
1.66900,0.041584,0.007586,0.017138
1.67000,-0.005690,-0.001804,0.012443
1.67100,0.042879,-0.012651,0.013738
1.67200,0.025718,-0.007470,0.004348
1.67300,-0.059601,-0.007632,-0.010223
1.67400,0.027014,-0.004233,-0.011518
1.67500,-0.097809,-0.008280,-0.015403
1.67600,-0.120636,-0.002614,-0.015889
1.67700,0.089182,0.008234,-0.023984
1.67800,0.065869,-0.002614,-0.010870
1.67900,0.106019,0.011148,-0.009089
1.68000,0.141798,0.017624,-0.004394
1.68100,0.096467,0.019566,0.007910
1.68200,0.015843,0.019728,0.012767
1.68300,-0.097809,0.020862,0.008557
1.68400,-0.117075,0.002243,-0.011680
1.68500,-0.173900,-0.003423,-0.009413
1.68600,0.107314,-0.007147,0.007100
1.68700,0.123342,-0.006013,0.002243
1.68800,-0.206603,-0.000671,0.007100
1.68900,-0.122417,0.007262,0.015519
1.69000,-0.031269,0.008881,0.007910
1.69100,-0.136988,0.003215,-0.012651
1.69200,-0.096999,0.006776,-0.040821
1.69300,-0.018156,0.025395,-0.023498
1.69400,-0.117075,0.009529,-0.026898
1.69500,0.022319,-0.006499,-0.015241
1.69600,-0.137959,-0.008118,0.002729
1.69700,-0.113351,-0.019775,0.013576
1.69800,0.011471,-0.005366,0.011795
1.69900,-0.207413,-0.003909,-0.002614
1.70000,0.051136,0.001272,-0.004233
1.70100,0.305152,0.002729,-0.027708
1.70200,0.279572,-0.003585,-0.031431
1.70300,0.078982,-0.004233,-0.027222
1.70400,0.042879,-0.003909,0.022642
1.70500,-0.021232,0.001272,0.045470
1.70600,-0.153501,-0.000833,0.060202
1.70700,0.139208,-0.008442,0.056155
1.70800,0.240879,-0.000509,0.045470
1.70900,0.079792,-0.000023,0.022319
1.71000,0.131923,0.008234,0.009853
1.71100,-0.095866,0.007748,0.011957
1.71200,0.001434,-0.005690,0.002567
1.71300,0.084649,0.005967,0.017462
1.71400,-0.169367,0.006776,0.016490
1.71500,-0.041631,-0.003261,-0.010385
1.71600,0.075259,-0.005528,-0.035155
1.71700,0.085135,-0.003909,-0.017022
1.71800,0.014062,-0.006175,0.015519
1.71900,-0.087771,-0.002614,0.011795
1.72000,-0.071743,0.012443,0.007586
1.72100,0.012443,-0.003423,-0.008280
1.72200,-0.039526,-0.000671,-0.004880
1.72300,0.005481,-0.001642,0.005481
1.72400,0.002243,-0.000347,-0.010061
1.72500,-0.020584,0.009367,0.015681
1.72600,-0.055878,0.009205,0.000624
1.72700,-0.058144,-0.011842,0.003862
1.72800,0.067326,-0.001642,-0.013784
1.72900,0.002243,-0.006499,-0.016537
1.73000,0.020052,-0.001156,0.020538
1.73100,0.047574,-0.007632,0.031385
1.73200,0.000624,0.007910,0.052917
1.73300,0.005319,0.011148,0.028794
1.73400,0.006291,0.014062,-0.005528
1.73500,0.005158,0.004834,-0.003909
1.73600,-0.000995,0.005158,-0.005528
1.73700,0.004672,0.021347,0.007748
1.73800,0.003700,0.018433,0.006453
1.73900,-0.091981,0.007100,0.025071
1.74000,-0.127598,0.003539,0.024747
1.74100,0.017462,0.011633,-0.003747
1.74200,-0.021555,0.008881,-0.000185
1.74300,0.049193,0.006291,0.020214
1.74400,0.027823,-0.005528,0.006938
1.74500,-0.002614,-0.009899,0.041908
1.74600,0.005319,-0.019613,0.045308
1.74700,0.001434,-0.021879,0.032356
1.74800,-0.000671,-0.018318,0.012281
1.74900,0.051136,-0.016213,0.007424
1.75000,0.215947,-0.013461,0.018109
1.75100,0.205586,-0.010385,-0.003099
1.75200,0.049517,-0.015080,-0.019289
1.75300,-0.083076,-0.003261,0.003377
1.75400,-0.039040,-0.007147,0.007100
1.75500,0.006453,-0.019775,0.031223
1.75600,0.003215,-0.021070,0.033651
1.75700,0.070240,-0.029488,0.004510
1.75800,0.016328,-0.021394,-0.005851
1.75900,-0.142816,-0.017994,-0.003423
1.76000,-0.196566,-0.007309,0.021995
1.76100,-0.102990,0.001434,0.011471
1.76200,-0.182967,0.014709,-0.003261
1.76300,-0.139740,0.005967,0.002081
1.76400,0.224366,0.007586,0.023776
1.76500,0.124152,0.019081,0.013252
1.76600,0.001110,0.021023,-0.039364
1.76700,-0.074334,0.018433,-0.046002
1.76800,-0.199480,-0.000995,-0.033374
1.76900,-0.080486,0.002891,-0.023498
1.77000,0.003377,0.007748,0.017300
1.77100,0.022480,0.015843,0.035432
1.77200,-0.001318,0.019243,0.025880
1.77300,-0.042602,0.013414,-0.014108
1.77400,-0.065106,0.001272,-0.017832
1.77500,-0.016213,-0.000509,0.006776
1.77600,-0.007794,-0.006985,0.067812
1.77700,-0.047135,-0.011032,0.069269
1.77800,-0.004071,0.005967,0.009529
1.77900,-0.023822,-0.001156,-0.034183
1.78000,-0.204013,0.006938,-0.041469
1.78100,0.016814,-0.000023,-0.031755
1.78200,0.387719,-0.013623,-0.029488
1.78300,0.226308,-0.008927,-0.024146
1.78400,0.286048,0.003215,-0.021717
1.78500,0.028794,-0.000509,-0.015727
1.78600,-0.218584,-0.003261,-0.000995
1.78700,-0.100075,0.005319,-0.020908
1.78800,0.072345,-0.014756,-0.022041
1.78900,-0.014594,-0.008927,0.020700
1.79000,-0.008442,0.003053,0.035594
1.79100,0.185834,-0.009089,0.026852
1.79200,-0.054259,-0.007956,0.005805
1.79300,0.122695,-0.016860,-0.000995
1.79400,0.113143,-0.016699,-0.018156
1.79500,-0.051021,-0.011194,-0.024955
1.79600,0.016976,-0.003261,-0.039364
1.79700,-0.204499,0.013252,-0.016699
1.79800,-0.179081,0.032032,-0.001966
1.79900,0.258688,0.031223,0.014224
1.80000,0.088534,0.027499,-0.027384
1.80100,-0.086152,0.006776,-0.034022
1.80200,0.053888,0.012443,-0.029488
1.80300,-0.045840,0.010176,-0.024470
1.80400,-0.031431,0.001920,-0.046326
1.80500,-0.097971,0.005805,-0.023660
1.80600,-0.005851,0.008395,0.008881
1.80700,-0.021070,0.006776,-0.016537
1.80800,0.011795,0.006129,-0.043250
1.80900,0.046279,0.004996,-0.050373
1.81000,0.026042,-0.004071,-0.034993
1.81100,0.002567,0.005158,0.013576
1.81200,-0.040012,0.006291,0.016328
1.81300,-0.076438,0.016976,-0.003747
1.81400,-0.051830,0.002243,-0.022041
1.81500,0.005481,0.011148,-0.025603
1.81600,-0.011032,0.014871,-0.017508
1.81700,-0.019936,0.007262,-0.004880
1.81800,-0.056039,0.011148,-0.032241
1.81900,0.078659,0.010500,-0.035640
1.82000,-0.006985,-0.001804,-0.020260
1.82100,-0.031107,-0.013461,-0.024955
1.82200,0.012605,-0.010870,-0.015080
1.82300,-0.030622,-0.005042,-0.037421
1.82400,-0.036450,-0.007470,-0.027384
1.82500,-0.055716,0.005319,0.015357
1.82600,-0.028517,-0.000671,0.050165
1.82700,-0.019775,-0.008927,0.005967
1.82800,-0.019127,-0.016699,-0.032241
1.82900,-0.079676,-0.005690,-0.047297
1.83000,-0.030784,-0.001480,-0.057982
1.83100,0.006938,-0.001804,-0.030460
1.83200,-0.005042,0.020214,-0.022851
1.83300,-0.031593,0.014062,-0.023498
1.83400,-0.029165,0.011148,-0.017670
1.83500,-0.024631,0.010176,-0.000509
1.83600,-0.018641,0.012443,-0.012165
1.83700,-0.002937,0.009367,0.021185
1.83800,-0.008280,0.027985,0.015195
1.83900,-0.003585,0.037051,0.021671
1.84000,-0.000185,0.030252,0.018919
1.84100,0.004834,0.010824,0.013900
1.84200,-0.004880,-0.015080,0.006453
1.84300,-0.017346,0.001758,0.004996
1.84400,-0.007956,-0.021070,0.002081
1.84500,-0.006499,-0.030622,-0.009089
1.84600,-0.013784,-0.003423,-0.008766
1.84700,0.001596,0.002567,-0.010223
1.84800,-0.007309,0.011471,-0.019936
1.84900,-0.002937,-0.008118,-0.023660
1.85000,-0.010870,-0.029812,0.003377
1.85100,-0.005042,-0.020908,0.009367
1.85200,0.005643,-0.023984,0.016166
1.85300,-0.006499,0.002567,0.016814
1.85400,0.003539,0.000463,0.019890
1.85500,-0.005366,0.001272,0.019728
1.85600,-0.008442,0.010500,0.010500
1.85700,-0.003747,-0.000995,0.037375
1.85800,-0.007632,-0.000023,0.017785
1.85900,-0.002452,0.033328,0.017785
1.86000,-0.000347,0.008557,0.005643
1.86100,-0.002614,-0.036288,0.014062
1.86200,-0.005851,-0.021879,0.028633
1.86300,-0.006661,-0.012651,0.036080
1.86400,-0.020584,0.012767,0.029766
1.86500,-0.006823,0.003053,0.023776
1.86600,0.000463,-0.001480,0.003700
1.86700,0.007910,-0.020098,-0.000833
1.86800,-0.006661,-0.020908,-0.004071
1.86900,-0.016860,-0.012327,0.011957
1.87000,-0.020746,-0.006823,0.015033
1.87100,-0.006985,-0.000347,0.011148
1.87200,-0.002128,-0.017670,0.005481
1.87300,-0.013137,-0.021879,0.001272
1.87400,-0.004071,0.004996,-0.002614
1.87500,-0.003423,0.011148,-0.004394
1.87600,0.000301,0.013414,0.007910
1.87700,-0.000833,0.022642,0.009691
1.87800,-0.000833,-0.017670,-0.013946
1.87900,-0.007309,0.005158,-0.007632
1.88000,0.003215,0.002243,-0.018803
1.88100,0.004348,-0.035640,-0.001156
1.88200,-0.013784,-0.011518,-0.020584
1.88300,0.005967,-0.007632,-0.010708
1.88400,-0.004233,-0.004880,-0.003585
1.88500,-0.006499,0.018595,0.001272
1.88600,0.001110,0.025880,0.000948
1.88700,0.007100,0.003700,0.003862
1.88800,0.005967,-0.022689,-0.016537
1.88900,0.003862,-0.047135,-0.011842
1.89000,-0.010061,-0.027060,-0.008442
1.89100,-0.007794,-0.007632,-0.004718
1.89200,-0.003099,-0.019936,0.000139
1.89300,0.013252,0.016814,-0.000347
1.89400,-0.005851,0.020700,-0.006337
1.89500,-0.008604,-0.004071,0.003053
1.89600,-0.006985,0.017138,0.014709
1.89700,-0.006499,0.008395,0.005481
1.89800,0.004348,0.016652,-0.012165
1.89900,0.006938,0.031709,-0.009899
1.90000,0.016328,-0.008927,-0.002937
1.90100,-0.003261,-0.015565,0.001110
1.90200,0.012605,-0.022041,-0.017508
1.90300,0.008557,-0.022851,-0.019775
1.90400,0.015195,-0.002452,-0.016699
1.90500,0.015681,0.008234,-0.006661
1.90600,0.009691,0.020862,-0.013623
1.90700,0.021509,0.008072,-0.007956
1.90800,0.024585,-0.023013,-0.014270
1.90900,-0.000347,-0.016051,-0.007632
1.91000,-0.010385,-0.012651,0.001434
1.91100,-0.001318,-0.009575,-0.009575
1.91200,0.014062,-0.012165,0.001758
1.91300,0.009853,-0.037259,0.007262
1.91400,0.012929,-0.046649,0.012443
1.91500,0.014224,-0.037421,0.011471
1.91600,0.004996,-0.064296,0.009529
1.91700,0.006129,-0.064134,0.001920
1.91800,-0.004880,-0.003423,0.001758
1.91900,0.006129,0.044498,0.004996
1.92000,0.004186,0.051622,0.002405
1.92100,0.001434,0.011148,0.008719
1.92200,0.012767,-0.007632,-0.002290
1.92300,0.012281,0.015033,-0.002614
1.92400,0.014709,0.018109,-0.006175
1.92500,0.018109,0.047089,0.005805
1.92600,0.022966,0.055831,0.004672
1.92700,0.020214,0.035108,-0.002290
1.92800,0.015843,0.018595,-0.005851
1.92900,0.009367,-0.003099,-0.005366
1.93000,0.012281,0.042879,-0.011842
1.93100,0.006615,0.014062,-0.010546
1.93200,0.007262,-0.031431,-0.014108
1.93300,0.013900,-0.099913,-0.006013
1.93400,0.011471,-0.084048,-0.006661
1.93500,-0.002290,-0.065429,0.000139
1.93600,-0.003585,-0.112056,-0.000833
1.93700,-0.004233,0.038994,-0.008927
1.93800,-0.012165,0.138075,-0.004880
1.93900,0.012605,-0.051830,0.007424
1.94000,0.000948,0.011795,0.017624
1.94100,0.008719,0.171264,0.017462
1.94200,0.005481,0.007424,0.006615
1.94300,-0.002128,0.004186,0.005643
1.94400,-0.001318,0.032842,0.000463
1.94500,0.001758,0.006615,0.004834
1.94600,0.015033,0.021995,0.000786
1.94700,0.000948,-0.000347,-0.001318
1.94800,0.016814,-0.053773,0.016328
1.94900,-0.004556,-0.112056,0.017947
1.95000,0.008072,-0.151882,0.001920
1.95100,-0.000023,-0.184909,-0.000509
1.95200,0.007100,-0.076277,0.009529
1.95300,-0.008766,0.123504,-0.009737
1.95400,-0.005690,0.225985,-0.001156
1.95500,0.016814,0.100515,-0.002937
1.95600,0.010986,-0.002937,0.013414
1.95700,0.008881,-0.025117,0.014548
1.95800,-0.001480,-0.156092,0.014548
1.95900,-0.006175,-0.183128,0.005805
1.96000,-0.002937,0.026528,-0.000995
1.96100,-0.010061,0.245898,0.006938
1.96200,0.005643,0.023128,0.017462
1.96300,-0.003909,-0.030298,0.008395
1.96400,0.004186,0.006776,0.019890
1.96500,-0.000995,-0.019451,0.003539
1.96600,-0.007309,0.058422,0.013090
1.96700,0.000301,-0.083400,0.011795
1.96800,-0.000347,-0.080972,0.009529
1.96900,0.004186,0.043041,-0.000671
1.97000,0.000948,0.134027,0.002081
1.97100,-0.015080,0.061336,0.000463
1.97200,-0.007147,-0.030136,0.012929
1.97300,-0.000023,-0.053449,0.010338
1.97400,-0.006013,-0.027384,0.014386
1.97500,-0.014594,0.021185,0.012767
1.97600,-0.010061,0.094848,0.013414
1.97700,-0.000833,0.218052,0.011471
1.97800,0.001272,0.111362,0.007100
1.97900,-0.002452,0.062307,0.001272
1.98000,0.008072,0.038508,-0.000995
1.98100,0.000139,-0.009899,0.006938
1.98200,0.002405,-0.112056,0.015519
1.98300,-0.000023,-0.192357,0.004834
1.98400,-0.013137,-0.160301,-0.003585
1.98500,0.008881,-0.136178,-0.011842
1.98600,0.001758,-0.026089,-0.008604
1.98700,0.000139,-0.063325,0.002567
1.98800,-0.009737,-0.129541,-0.000347
1.98900,-0.007632,0.175635,-0.009089
1.99000,0.002405,0.186482,-0.004718
1.99100,0.002081,0.015519,0.002405
1.99200,0.004834,0.126094,-0.006337
1.99300,-0.015403,0.041260,0.001758
1.99400,-0.009413,-0.024308,-0.014432
1.99500,-0.008604,-0.026412,0.009205
1.99600,-0.003423,-0.040983,-0.005690
1.99700,0.001110,-0.045192,-0.010708
1.99800,-0.013461,-0.015889,-0.005204
1.99900,-0.011842,-0.038231,0.004024
2.00000,-0.001642,-0.110922,0.010500
2.00100,0.006615,-0.039850,0.007262
2.00200,0.012443,-0.093276,-0.003909
2.00300,0.018595,-0.210813,-0.002775
2.00400,0.004834,-0.034022,-0.002128
2.00500,-0.022365,0.276335,-0.008442
2.00600,-0.002128,0.222585,0.002891
2.00700,-0.010223,0.037537,0.004186
2.00800,-0.016051,0.068297,0.000786
2.00900,-0.005204,0.033328,0.000948
2.01000,-0.006013,0.048870,0.007910
2.01100,0.002243,-0.002937,0.012281
2.01200,-0.004394,-0.051992,0.017138
2.01300,-0.002937,-0.059277,-0.005528
2.01400,0.001758,0.031385,-0.000347
2.01500,0.011148,0.016490,0.006291
2.01600,-0.002290,-0.099104,0.009529
2.01700,-0.001966,0.104724,0.003700
2.01800,-0.010385,0.143741,0.004510
2.01900,0.011471,0.016976,0.001110
2.02000,0.025071,-0.026089,0.017785
2.02100,0.011148,-0.013299,0.009043
2.02200,-0.005366,-0.053449,0.010986
2.02300,-0.012004,-0.054420,-0.007470
2.02400,0.003539,-0.076762,0.011795
2.02500,0.001596,0.012119,0.009853
2.02600,0.001110,0.015357,0.009691
2.02700,-0.002614,-0.081781,0.022157
2.02800,-0.002128,0.134999,-0.003747
2.02900,-0.005851,0.101486,-0.003099
2.03000,0.021023,0.006453,0.004510
2.03100,-0.013137,0.006453,0.001110
2.03200,-0.006499,0.000948,-0.000995
2.03300,-0.000995,-0.004556,-0.004233
2.03400,-0.017994,-0.005690,-0.015889
2.03500,-0.016860,-0.038555,-0.005690
2.03600,-0.013137,-0.045840,-0.007794
2.03700,-0.012327,0.061174,-0.018318
2.03800,0.001434,0.054050,-0.017346
2.03900,-0.000023,0.023614,-0.017022
2.04000,0.016814,0.050489,0.001596
2.04100,-0.005851,0.092096,-0.004233
2.04200,0.012929,-0.003099,-0.000833
2.04300,-0.000347,-0.176653,-0.018641
2.04400,-0.006013,-0.198832,-0.001156
2.04500,0.005643,-0.150749,-0.009737
2.04600,-0.009413,-0.074334,-0.015565
2.04700,-0.010223,0.054860,-0.015080
2.04800,-0.007470,0.016166,0.002405
2.04900,0.019404,0.028633,-0.001642
2.05000,-0.010223,0.038346,-0.001966
2.05100,0.000624,0.017138,-0.003585
2.05200,0.009853,0.012929,-0.007470
2.05300,0.016328,-0.108656,0.000624
2.05400,0.004834,-0.066563,0.002567
2.05500,-0.028355,0.015357,-0.009737
2.05600,-0.015403,0.099543,-0.005042
2.05700,-0.008280,-0.000671,-0.017994
2.05800,0.000786,-0.084533,-0.007147
2.05900,-0.011194,-0.111246,-0.003585
2.06000,0.000948,-0.114808,0.008719
2.06100,-0.012813,-0.039040,0.002729
2.06200,0.001272,0.118971,-0.008927
2.06300,0.016814,0.015033,-0.001966
2.06400,0.019081,-0.218260,0.001110
2.06500,0.035108,-0.131321,0.004996
2.06600,0.015195,-0.063325,0.002891
2.06700,-0.015727,0.068945,-0.000509
2.06800,-0.029326,-0.014270,0.009691
2.06900,-0.013784,0.109419,-0.001642
2.07000,-0.016051,0.368616,-0.000509
2.07100,-0.013946,0.190529,0.004510
2.07200,0.007748,-0.121446,-0.006175
2.07300,-0.000671,-0.240926,-0.002290
2.07400,0.018595,-0.033698,-0.002128
2.07500,0.019243,0.031709,-0.000833
2.07600,0.017947,0.163978,-0.001642
2.07700,-0.001642,0.207205,-0.001966
2.07800,-0.018803,0.207528,-0.005851
2.07900,-0.018156,0.098410,-0.012975
2.08000,-0.008442,0.006615,0.005158
2.08100,-0.002614,0.185996,0.007424
2.08200,-0.008604,-0.016699,0.006776
2.08300,0.000786,-0.050535,-0.001966
2.08400,-0.000023,-0.001966,-0.002452
2.08500,0.001920,0.005643,-0.005528
2.08600,-0.001642,-0.011518,0.001434
2.08700,0.014224,-0.032726,-0.007632
2.08800,-0.000995,-0.019613,0.007748
2.08900,-0.015403,-0.031107,0.009043
2.09000,0.000624,0.100191,0.018271
2.09100,-0.003747,0.121076,0.015519
2.09200,0.006615,0.008395,0.028471
2.09300,0.026366,-0.141521,0.028956
2.09400,0.011633,-0.252096,0.025233
2.09500,-0.008280,-0.282695,-0.004233
2.09600,-0.019289,-0.192680,-0.005204
2.09700,-0.027060,0.067488,0.014224
2.09800,-0.001480,-0.079838,0.010014
2.09900,-0.003747,-0.341140,0.014709
2.10000,-0.005042,-0.269258,-0.000833
2.10100,0.002891,-0.349396,0.033975
2.10200,-0.008927,0.099220,0.018433
2.10300,0.008234,0.504771,0.010500
2.10400,-0.002937,0.086430,0.000463
2.10500,-0.018479,0.076878,0.006938
2.10600,-0.020260,0.285725,0.002243
2.10700,0.004024,0.110876,-0.003423
2.10800,0.002891,0.046927,-0.008766
2.10900,0.020538,0.047898,0.000948
2.11000,0.022642,0.053241,-0.011680
2.11100,0.010662,-0.108980,0.001758
2.11200,0.015357,-0.145892,-0.006823
2.11300,-0.008927,0.062955,0.014548
2.11400,-0.015241,0.131761,0.011795
2.11500,0.005805,0.145360,0.014871
2.11600,-0.005528,0.245898,0.010500
2.11700,0.003862,0.116866,-0.018803
2.11800,0.005805,-0.094733,0.003539
2.11900,0.008719,-0.043897,-0.002290
2.12000,-0.008442,-0.057335,0.000624
2.12100,-0.030784,-0.007470,-0.010223
2.12200,0.015519,-0.122093,-0.003909
2.12300,0.004672,-0.248535,-0.005204
2.12400,-0.039688,-0.223603,-0.000995
2.12500,-0.051506,0.063602,0.004510
2.12600,-0.036450,0.268402,0.013090
2.12700,-0.003261,0.101162,0.005481
2.12800,0.019566,-0.074172,0.016652
2.12900,0.037537,-0.160139,0.018433
2.13000,0.025233,-0.235745,0.008557
2.13100,-0.007632,-0.376757,0.007910
2.13200,-0.037098,-0.093438,0.005643
2.13300,-0.028679,0.241041,0.001920
2.13400,0.013900,0.208176,0.002891
2.13500,0.015357,0.243146,0.000786
2.13600,0.011310,0.065869,0.009853
2.13700,0.000463,-0.124360,-0.007147
2.13800,0.011795,0.026204,0.001272
2.13900,0.002567,0.031061,-0.005204
2.14000,-0.012975,0.248488,0.013252
2.14100,-0.011842,-0.116103,0.011795
2.14200,0.006129,-0.753168,0.001110
2.14300,0.000624,-0.810641,0.006776
2.14400,-0.020908,-0.641782,0.017947
2.14500,-0.048916,0.280706,0.004672
2.14600,-0.018479,0.969577,0.008557
2.14700,0.022966,0.537474,-0.008766
2.14800,0.021185,0.374120,-0.002452
2.14900,0.019890,0.343522,-0.024146
2.15000,0.014871,0.134351,-0.047783
2.15100,0.026528,0.055345,-0.052963
2.15200,0.014709,-0.257601,-0.027222
2.15300,0.009043,-0.317503,-0.017022
2.15400,-0.029974,-0.300180,0.004348
2.15500,-0.036288,0.111686,0.001434
2.15600,-0.023174,0.352588,0.037375
2.15700,-0.003747,0.125285,0.022319
2.15800,0.005158,0.254964,0.011471
2.15900,-0.012327,0.091610,0.025880
2.16000,0.021671,-0.086962,0.014224
2.16100,0.004996,0.066678,0.004024
2.16200,0.032356,-0.030784,0.013090
2.16300,0.010014,-0.001156,0.002081
2.16400,-0.008604,-0.069963,0.006129
2.16500,-0.007147,-0.039526,-0.006175
2.16600,0.007262,-0.033050,0.001110
2.16700,0.014709,-0.008766,-0.003261
2.16800,0.009205,-0.001318,-0.003585
2.16900,0.013414,-0.213565,0.001272
2.17000,0.010986,-0.184909,0.003700
2.17100,-0.007794,-0.197537,0.011957
2.17200,-0.029812,-0.102666,0.004024
2.17300,-0.021879,-0.030460,-0.001804
2.17400,-0.009737,-0.225060,0.001272
2.17500,0.026690,-0.266829,0.005481
2.17600,0.011633,-0.265210,0.000948
2.17700,-0.018318,-0.362348,0.009529
2.17800,-0.040335,0.047251,-0.007147
2.17900,-0.042440,0.178063,0.000786
2.18000,-0.026089,0.283944,0.007100
2.18100,-0.004556,0.506714,-0.007794
2.18200,-0.012489,0.088858,-0.000347
2.18300,-0.003099,-0.088419,-0.002775
2.18400,-0.002290,-0.243192,-0.002452
2.18500,-0.005366,0.226956,-0.007309
2.18600,0.004510,0.392414,0.003215
2.18700,0.002729,0.067973,-0.008280
2.18800,0.033004,0.095172,0.006776
2.18900,0.035594,0.147627,-0.007309
2.19000,0.037699,0.064088,0.001758
2.19100,0.020862,-0.052478,0.013900
2.19200,-0.013299,-0.069963,-0.002290
2.19300,-0.049240,-0.123874,-0.002937
2.19400,-0.030136,-0.108818,0.002567
2.19500,-0.008280,-0.049240,0.009043
2.19600,0.007262,0.232946,0.005967
2.19700,0.026690,0.181139,-0.000347
2.19800,-0.008118,-0.025279,0.009205
2.19900,-0.015403,-0.024308,0.003377
2.20000,-0.035155,-0.070610,0.006615
2.20100,-0.022689,-0.013299,0.012119
2.20200,0.002243,0.013738,-0.015565
2.20300,0.006129,-0.019936,0.013576
2.20400,0.017624,-0.059439,0.031385
2.20500,0.013738,-0.030945,0.004834
2.20600,0.023776,0.021995,-0.036288
2.20700,0.025880,-0.001966,-0.050859
2.20800,0.019081,-0.004394,-0.054420
2.20900,0.015843,-0.037098,-0.037098
2.21000,-0.017670,-0.035317,-0.034993
2.21100,-0.030784,-0.012165,-0.014108
2.21200,-0.025927,-0.044707,-0.018965
2.21300,-0.027384,-0.037259,0.003700
2.21400,-0.035640,-0.035317,-0.004071
2.21500,-0.008927,-0.018803,0.006129
2.21600,0.001758,-0.010223,0.022642
2.21700,-0.014108,0.007424,0.073640
2.21800,-0.027708,0.006453,0.103591
2.21900,-0.012327,-0.055878,0.060041
2.22000,0.023776,-0.075953,0.021509
2.22100,0.009691,-0.056687,-0.019127
2.22200,-0.013946,-0.003261,-0.020260
2.22300,-0.000671,0.098896,-0.035479
2.22400,-0.009413,0.103591,-0.024631
2.22500,-0.012813,0.027499,-0.018479
2.22600,0.002729,-0.022365,-0.015241
2.22700,0.027175,-0.086314,-0.003585
2.22800,0.030737,-0.142654,-0.012165
2.22900,0.009205,-0.069963,-0.012813
2.23000,0.002405,0.089991,-0.067372
2.23100,0.000624,0.080116,-0.074658
2.23200,-0.024631,-0.013623,-0.026412
2.23300,-0.025927,-0.026250,0.041584
2.23400,-0.023013,-0.010870,0.057612
2.23500,-0.015565,-0.012975,0.015357
2.23600,0.022157,0.008395,0.013252
2.23700,0.038023,0.011310,0.013414
2.23800,0.055831,-0.008927,0.004186
2.23900,0.039965,-0.045516,-0.047297
2.24000,-0.010870,-0.083076,-0.056363
2.24100,-0.041954,-0.057173,-0.060411
2.24200,-0.013461,0.010986,-0.040335
2.24300,-0.010870,0.010338,-0.007632
2.24400,-0.018803,-0.008927,0.034785
2.24500,0.001596,-0.006337,0.039803
2.24600,-0.001804,0.008072,0.053403
2.24700,0.000948,0.033975,0.054212
2.24800,-0.007632,-0.000833,0.030252
2.24900,0.008719,-0.005366,0.019404
2.25000,0.004672,0.000463,0.000301
2.25100,0.017785,0.048384,-0.029326
2.25200,0.026690,0.072345,-0.021070
2.25300,-0.000833,-0.008766,-0.030136
2.25400,-0.002128,-0.088904,-0.001480
2.25500,-0.028193,-0.031755,0.005158
2.25600,-0.030945,-0.001318,0.011310
2.25700,0.010338,-0.043088,0.023614
2.25800,-0.008442,0.028309,0.028633
2.25900,0.028471,0.091772,0.038023
2.26000,0.005805,0.039318,0.033328
2.26100,-0.015080,-0.003261,0.008557
2.26200,-0.005851,-0.033860,-0.001318
2.26300,-0.005366,-0.034507,0.004996
2.26400,0.001434,-0.012165,0.010338
2.26500,-0.002452,-0.007794,0.009043
2.26600,0.032194,0.000948,0.010662
2.26700,0.015033,-0.002775,0.004510
2.26800,0.018271,-0.008604,0.011471
2.26900,-0.014756,-0.014108,0.010500
2.27000,-0.002775,-0.008118,0.003539
2.27100,0.005319,0.006453,0.015357
2.27200,-0.001480,-0.002290,0.002081
2.27300,0.022157,-0.002290,-0.000185
2.27400,0.003215,-0.000023,-0.003423
2.27500,0.005805,0.037861,-0.004718
2.27600,-0.000671,0.025395,-0.008280
2.27700,0.015681,0.006938,-0.003099
2.27800,0.001434,0.006776,-0.007956
2.27900,0.009529,0.009043,-0.005042
2.28000,-0.002290,0.003862,-0.000671
2.28100,0.002567,0.017138,-0.011356
2.28200,0.013576,0.017300,0.003862
2.28300,-0.004556,0.014386,-0.018156
2.28400,0.002081,0.011148,-0.010385
2.28500,0.008881,0.010176,-0.018156
2.28600,0.012605,0.000301,-0.015403
2.28700,-0.002614,0.000301,-0.016213
2.28800,0.011471,0.000624,-0.011194
2.28900,0.008072,0.012443,-0.016375
2.29000,0.004186,-0.003099,-0.009737
2.29100,0.023614,0.001920,0.002081
2.29200,-0.002775,-0.003585,-0.025603
2.29300,-0.001966,-0.007956,-0.012813
2.29400,0.001596,-0.004880,-0.016213
2.29500,-0.000185,-0.004233,-0.013137
2.29600,-0.018803,-0.007632,0.004834
2.29700,0.003862,0.003215,0.014224
2.29800,-0.008927,-0.005528,0.004996
2.29900,-0.003099,0.000139,0.008395
2.30000,0.006776,0.012929,0.010824
2.30100,-0.006661,-0.001156,0.013576
2.30200,-0.005528,0.000463,0.009691
2.30300,0.000948,0.003377,0.005643
2.30400,0.017624,0.001272,0.000624
2.30500,0.009043,-0.003909,0.001110
2.30600,0.013738,-0.008604,0.000139
2.30700,0.003215,-0.010061,0.003377
2.30800,0.000786,-0.003099,-0.024146
2.30900,-0.003585,0.000786,-0.020908
2.31000,-0.001966,0.004348,-0.035964
2.31100,-0.004071,-0.005366,-0.041307
2.31200,-0.006823,-0.005528,-0.008442
2.31300,-0.010061,0.003215,0.026042
2.31400,-0.012651,0.008072,0.083030
2.31500,0.006615,0.010662,0.033975
2.31600,-0.016860,0.000624,-0.022041
2.31700,-0.002452,0.000624,-0.085828
2.31800,-0.009089,-0.002614,-0.132779
2.31900,-0.006499,0.005805,-0.174548
2.32000,0.004348,-0.005851,-0.130026
2.32100,-0.001642,-0.009251,-0.061058
2.32200,0.007748,-0.002452,-0.000185
2.32300,-0.008927,0.013252,0.112981
2.32400,-0.005042,-0.004071,0.183082
2.32500,0.009367,0.003862,0.114762
2.32600,0.014548,0.000624,0.075583
2.32700,0.005158,-0.000347,0.047574
2.32800,0.019404,-0.005204,0.056641
2.32900,0.003377,0.001596,0.084487
2.33000,-0.010223,-0.006175,0.086592
2.33100,0.000301,-0.003585,0.032518
2.33200,0.010824,-0.000671,-0.032241
2.33300,-0.018479,-0.006823,-0.055068
2.33400,0.013900,0.000786,-0.025603
2.33500,-0.015241,0.010824,-0.036288
2.33600,-0.013137,0.006291,-0.028517
2.33700,-0.006337,-0.009089,-0.116265
2.33800,-0.013623,0.000139,-0.148321
2.33900,0.016166,0.002891,-0.132131
2.34000,-0.001318,-0.000347,-0.113351
2.34100,0.006129,-0.005042,-0.039688
2.34200,0.001110,-0.005204,-0.043088
2.34300,0.018433,0.005805,-0.042602
2.34400,0.012281,-0.000833,-0.014432
2.34500,0.011471,-0.001156,0.023776
2.34600,0.016166,-0.017508,0.052917
2.34700,0.022480,-0.006823,0.074773
2.34800,0.000786,-0.004394,0.090963
2.34900,0.013090,-0.008280,0.093229
2.35000,0.008072,0.006615,0.078821
2.35100,0.000786,-0.005851,0.033489
2.35200,-0.011194,-0.007470,0.032842
2.35300,-0.008766,0.003700,0.039965
2.35400,-0.012004,0.001758,0.030090
2.35500,-0.011518,0.000948,0.039642
2.35600,0.002567,-0.004880,0.047413
2.35700,-0.001966,0.003862,0.061821
2.35800,-0.005042,0.010014,0.063440
2.35900,-0.060734,-0.007956,0.061174
2.36000,-0.061868,0.003539,0.050165
2.36100,-0.032241,0.005643,0.029766
2.36200,-0.007470,-0.000347,0.016976
2.36300,-0.034507,0.003053,-0.033698
2.36400,0.018271,-0.005204,-0.098456
2.36500,0.068459,0.001596,-0.132779
2.36600,0.104724,0.004510,-0.064782
2.36700,0.209309,0.006938,-0.014594
2.36800,0.191339,0.019890,0.026690
2.36900,0.012281,0.016328,0.038994
2.37000,-0.049240,0.016005,0.071859
2.37100,0.003700,0.015195,0.057126
2.37200,-0.033536,0.020538,0.026042
2.37300,-0.078219,0.005481,0.008557
2.37400,-0.091333,-0.003909,-0.020260
2.37500,-0.010385,0.003215,-0.064944
2.37600,0.016166,-0.008280,-0.069963
2.37700,0.028471,-0.013623,-0.102990
2.37800,0.044498,0.000301,-0.094895
2.37900,-0.015565,-0.006661,-0.023174
2.38000,0.020700,-0.005204,0.020376
2.38100,0.031870,-0.008118,0.086592
2.38200,-0.069315,0.005481,0.098734
2.38300,-0.138283,0.006453,0.103267
2.38400,-0.084371,0.010986,0.083030
2.38500,-0.098133,0.011957,0.069107
2.38600,-0.057820,0.009367,0.014224
2.38700,0.070078,0.003215,-0.019775
2.38800,-0.061544,0.010338,0.013252
2.38900,-0.120636,0.006776,0.002081
2.39000,-0.013784,-0.000671,-0.002937
2.39100,-0.113513,0.004672,0.014709
2.39200,-0.145083,0.003862,-0.011194
2.39300,0.024423,-0.007956,0.006453
2.39400,0.030899,-0.023660,-0.012165
2.39500,-0.023013,-0.023174,0.009367
2.39600,0.017300,-0.009251,-0.005690
2.39700,0.032194,-0.005690,0.003053
2.39800,0.029766,-0.000833,-0.010870
2.39900,-0.009089,-0.010708,0.002729
2.40000,-0.079676,-0.012975,-0.004556
2.40100,-0.075953,-0.006823,-0.002290
2.40200,-0.007794,0.006615,-0.004718
2.40300,0.028147,-0.005204,-0.014756
2.40400,0.016814,0.015195,-0.005851
2.40500,0.015843,0.020700,0.000139
2.40600,0.071697,0.012605,-0.006985
2.40700,0.135808,0.002891,-0.016051
2.40800,0.082382,0.002891,-0.011518
2.40900,-0.009899,0.005158,-0.023013
2.41000,-0.057820,-0.008766,-0.013623
2.41100,0.007262,-0.004556,-0.018803
2.41200,-0.024146,-0.000023,-0.023013
2.41300,-0.043735,0.003862,-0.012165
2.41400,0.032356,0.009853,-0.010061
2.41500,0.123018,0.003700,-0.019775
2.41600,0.109257,0.005158,-0.015565
2.41700,0.103105,-0.002937,-0.002775
2.41800,0.129818,0.003053,0.006129
2.41900,0.084811,-0.001318,-0.009413
2.42000,0.074449,0.007100,0.009529
2.42100,-0.039526,0.013900,0.002891
2.42200,-0.091171,0.012929,-0.020746
2.42300,-0.093923,0.019890,-0.002128
2.42400,-0.142007,0.022319,-0.013137
2.42500,-0.051506,0.005643,-0.012489
2.42600,0.029928,-0.000185,-0.001318
2.42700,0.027337,0.010500,-0.008442
2.42800,0.093391,0.005967,-0.016537
2.42900,0.038023,0.003539,-0.006175
2.43000,-0.024955,0.012119,-0.014594
2.43100,0.022157,-0.002937,-0.008927
2.43200,-0.036936,0.009043,-0.008442
2.43300,-0.124846,-0.002775,0.001110
2.43400,-0.048916,-0.002128,0.013900
2.43500,-0.090685,0.011633,-0.000995
2.43600,-0.074172,0.011957,-0.000347
2.43700,0.036889,0.017462,0.002567
2.43800,0.012443,0.025556,0.000301
2.43900,0.037537,0.028309,-0.002290
2.44000,-0.094085,0.019890,-0.010870
2.44100,-0.151720,0.018757,0.002891
2.44200,-0.015727,0.024261,0.000301
2.44300,-0.000509,0.013576,-0.009251
2.44400,-0.002290,0.014709,-0.010061
2.44500,-0.008118,0.013576,-0.010223
2.44600,-0.026412,0.009367,-0.003747
2.44700,0.005967,0.010176,-0.000185
2.44800,-0.022527,0.009529,-0.000833
2.44900,-0.023174,0.004996,0.006615
2.45000,-0.035802,0.011795,-0.000023
2.45100,0.001110,0.012605,0.007424
2.45200,0.070402,0.012767,0.000139
2.45300,0.084001,0.008719,0.002405
2.45400,0.095172,0.001596,0.003862
2.45500,0.084163,0.012281,0.009205
2.45600,-0.015241,0.012443,0.015519
2.45700,-0.077572,0.003053,0.001434
2.45800,0.018271,0.010176,-0.006499
2.45900,-0.021717,-0.002290,0.007748
2.46000,-0.075629,-0.000023,0.008881
2.46100,-0.073201,0.002729,0.005481
2.46200,-0.119665,0.005319,-0.000509
2.46300,-0.094247,0.011148,-0.008604
2.46400,0.039803,-0.001318,-0.001966
2.46500,0.037375,-0.000185,-0.010546
2.46600,-0.040497,-0.000347,0.001110
2.46700,0.000948,-0.003423,0.007910
2.46800,-0.039526,-0.003261,-0.000833
2.46900,-0.001642,-0.005528,0.006129
2.47000,0.010986,0.004186,-0.002614
2.47100,0.016976,0.007910,0.010824
2.47200,0.153779,-0.002290,0.021833
2.47300,0.216595,-0.000671,0.000301
2.47400,0.092744,-0.011518,0.011148
2.47500,0.056317,-0.000995,0.001596
2.47600,-0.024470,0.000139,0.011310
2.47700,-0.089714,-0.009413,-0.011518
2.47800,-0.023498,-0.001318,-0.003585
2.47900,-0.021232,-0.009089,0.005643
2.48000,0.023128,-0.013784,0.003700
2.48100,0.000463,-0.006823,0.014386
2.48200,0.005643,-0.000671,0.013252
2.48300,-0.007794,-0.002452,0.003862
2.48400,-0.051021,0.000301,0.012443
2.48500,-0.042926,-0.000833,-0.003585
2.48600,0.000786,-0.003909,0.004186
2.48700,0.012119,-0.008280,-0.002937
2.48800,-0.011518,-0.012327,0.003700
2.48900,-0.003099,-0.011194,0.011148
2.49000,0.001758,-0.002452,0.011310
2.49100,-0.005851,-0.001156,0.011957
2.49200,-0.008118,-0.004394,0.007586
2.49300,-0.005204,-0.013137,0.003215
2.49400,-0.022041,-0.000671,0.004348
2.49500,-0.018156,0.002567,0.003539
2.49600,-0.023013,-0.006985,0.012767
2.49700,-0.034507,-0.013299,-0.001156
2.49800,-0.008927,-0.002290,-0.004718
2.49900,0.036727,-0.004394,0.008234
2.50000,0.050489,-0.008766,0.006938
2.50100,0.011957,0.001272,0.003539
2.50200,0.025556,-0.007794,-0.000833
2.50300,0.014548,-0.002614,-0.008118
2.50400,0.014386,-0.014756,0.000463
2.50500,-0.006985,-0.014756,0.010986
2.50600,-0.021070,-0.017670,0.002405
2.50700,-0.043088,-0.020098,0.006453
2.50800,-0.038393,-0.013137,0.006615
2.50900,0.119942,-0.019613,0.003539
2.51000,-0.004718,-0.008766,-0.007309
2.51100,-0.083238,-0.005528,0.008719
2.51200,0.063117,-0.009899,0.007424
2.51300,0.055184,-0.019613,0.007100
2.51400,0.008072,-0.019127,0.002729
2.51500,-0.012813,-0.017994,0.006938
2.51600,0.010662,-0.013137,0.009205
2.51700,-0.038393,-0.007470,0.004024
2.51800,-0.034993,-0.006823,0.002567
2.51900,-0.038878,-0.010870,0.004672
2.52000,-0.013137,-0.017022,0.005481
2.52100,-0.018479,-0.015565,0.000463
2.52200,-0.035964,-0.011842,0.008395
2.52300,-0.014108,-0.006661,0.004996
2.52400,-0.004071,-0.016537,0.001272
2.52500,0.010824,-0.018965,-0.007794
2.52600,0.007910,-0.009089,-0.000671
2.52700,0.009205,-0.005366,0.000948
2.52800,0.000301,-0.010708,-0.000347
2.52900,-0.006499,-0.014594,0.024909
2.53000,-0.008118,-0.015727,0.010014
2.53100,-0.013299,-0.015241,0.010662
2.53200,-0.013461,-0.011356,-0.001318
2.53300,0.002891,-0.008280,0.002567
2.53400,0.009691,-0.016213,0.007424
2.53500,0.018433,-0.013946,0.000301
2.53600,0.014548,-0.011680,0.015033
2.53700,0.014871,-0.003261,0.003700
2.53800,0.009853,-0.010870,-0.001966
2.53900,0.010662,-0.011194,0.004510
2.54000,0.001272,-0.009413,-0.007147
2.54100,-0.062030,-0.003423,0.001434
2.54200,-0.072877,-0.005851,-0.000023
2.54300,-0.017832,-0.017346,-0.003261
2.54400,0.023452,-0.006985,-0.000023
2.54500,0.035594,-0.003423,0.001434
2.54600,0.041908,-0.003909,-0.000833
2.54700,0.018271,-0.009575,0.003700
2.54800,-0.034507,-0.011194,0.007748
2.54900,-0.052478,-0.012489,-0.001966
2.55000,-0.042440,0.000948,0.010986
2.55100,-0.037259,-0.010870,0.009205
2.55200,-0.068344,-0.017994,0.000786
2.55300,-0.044059,-0.010870,0.001110
2.55400,-0.029974,-0.001804,-0.008118
2.55500,-0.036936,-0.007794,0.008072
2.55600,-0.023660,-0.005690,0.009529
2.55700,-0.029488,-0.001804,0.007586
2.55800,-0.006337,-0.005366,0.005805
2.55900,-0.025927,-0.003261,-0.003585
2.56000,-0.012165,-0.004071,0.010824
2.56100,-0.003909,-0.002128,0.002567
2.56200,-0.017832,-0.001804,0.011310
2.56300,-0.003909,0.000624,0.010824
2.56400,-0.020746,-0.006499,0.008234
2.56500,-0.002452,-0.013137,0.003862
2.56600,-0.001642,-0.019775,-0.012165
2.56700,0.016328,-0.017184,0.008234
2.56800,0.010176,-0.008604,-0.004394
2.56900,0.012443,-0.013137,-0.008118
2.57000,0.013090,-0.015889,-0.003423
2.57100,0.022480,0.009367,-0.002128
2.57200,0.031061,0.007424,-0.006013
2.57300,0.019566,0.002243,-0.006013
2.57400,-0.021232,0.000624,-0.001966
2.57500,-0.059277,-0.000185,0.003215
2.57600,-0.027546,0.008395,-0.003099
2.57700,0.025395,0.010662,0.001272
2.57800,0.024099,0.000139,-0.000023
2.57900,0.022966,0.000463,0.010014
2.58000,0.028794,0.002567,-0.008118
2.58100,0.026690,0.010338,0.004510
2.58200,0.033489,0.002405,-0.005851
2.58300,0.002243,0.001758,-0.011356
2.58400,-0.054097,-0.007632,-0.009899
2.58500,-0.004556,-0.002937,-0.001804
2.58600,0.038994,0.010176,0.002729
2.58700,-0.017508,-0.004718,0.001110
2.58800,-0.044059,-0.006013,-0.008604
2.58900,-0.057658,0.006129,-0.000185
2.59000,-0.018641,0.007748,-0.004556
2.59100,-0.005690,0.008395,0.005805
2.59200,0.030413,-0.001156,-0.002452
2.59300,0.042879,-0.006013,-0.001642
2.59400,0.066516,-0.003261,-0.007794
2.59500,0.079468,-0.000509,-0.003261
2.59600,0.013576,-0.002290,0.002405
2.59700,-0.024955,0.001272,0.004672
2.59800,-0.044059,0.003539,-0.006985
2.59900,0.062793,0.012929,0.013576
2.60000,0.109581,0.003215,0.001272
2.60100,0.010986,0.004834,-0.009413
2.60200,-0.067210,0.011957,-0.000347
2.60300,-0.063811,0.000948,0.013414
2.60400,0.003053,0.010014,-0.000995
2.60500,-0.030136,0.010662,-0.013299
2.60600,-0.040983,-0.001318,0.005643
2.60700,-0.066725,-0.004394,0.001758
2.60800,-0.030784,-0.002937,0.000301
2.60900,-0.018803,0.004996,-0.009251
2.61000,-0.039526,-0.002128,0.006938
2.61100,-0.015727,-0.000833,-0.005851
2.61200,-0.057011,-0.005042,-0.008604
2.61300,-0.004556,-0.002614,0.003053
2.61400,-0.008927,0.000786,-0.009413
2.61500,-0.011032,-0.012327,0.003053
2.61600,-0.006013,-0.002128,-0.003099
2.61700,0.010014,-0.002614,0.004672
2.61800,0.037051,-0.002128,-0.010223
2.61900,-0.018156,0.004510,-0.005204
2.62000,-0.050373,-0.006823,-0.001966
2.62100,-0.034669,0.002405,-0.006337
2.62200,0.067650,0.000463,-0.002128
2.62300,0.074773,-0.006337,-0.015565
2.62400,0.031223,-0.004394,-0.005528
2.62500,0.047089,0.006129,-0.003747
2.62600,0.006938,0.010824,0.013738
2.62700,-0.093761,0.002891,-0.000185
2.62800,-0.065753,0.011633,0.004834
2.62900,0.181949,0.014386,-0.009575
2.63000,0.148112,-0.000023,0.003539
2.63100,-0.035155,-0.006661,-0.004394
2.63200,0.011795,0.000624,-0.005366
2.63300,0.064412,-0.007794,-0.000671
2.63400,0.051622,-0.007794,0.006291
2.63500,0.052108,-0.010223,0.000301
2.63600,0.043365,-0.001642,-0.004880
2.63700,0.016005,0.000786,0.002081
2.63800,-0.026089,-0.005528,-0.007632
2.63900,-0.089066,-0.009899,-0.019451
2.64000,-0.058306,-0.000995,0.009853
2.64100,-0.026574,0.002891,0.000301
2.64200,-0.015403,-0.002614,-0.012327
2.64300,-0.016051,0.003862,-0.005204
2.64400,-0.024631,0.001272,0.006615
2.64500,0.014386,0.001920,-0.007147
2.64600,0.007910,-0.001156,-0.015403
2.64700,0.019566,0.003377,-0.000995
2.64800,-0.023660,0.000786,-0.010223
2.64900,-0.011032,-0.008766,-0.013784
2.65000,0.001920,0.000786,0.002081
2.65100,0.015195,-0.001318,-0.005042
2.65200,0.013414,-0.009251,0.004672
2.65300,-0.019127,-0.007470,-0.004233
2.65400,-0.002290,0.003539,-0.010385
2.65500,-0.040012,0.003539,-0.006661
2.65600,-0.074981,0.009691,0.003700
2.65700,-0.076762,0.006615,0.006938
2.65800,0.072183,-0.006337,0.001434
2.65900,0.149084,-0.001804,-0.010870
2.66000,0.169159,0.004672,0.003862
2.66100,0.183082,-0.008280,0.000301
2.66200,0.139370,-0.005204,-0.008118
2.66300,0.190205,-0.001318,-0.015241
2.66400,0.112495,0.000624,-0.023498
2.66500,0.109257,0.006291,-0.026574
2.66600,0.056479,0.002405,-0.005366
2.66700,-0.199642,0.015195,-0.014756
2.66800,-0.422412,0.021023,0.003539
2.66900,-0.280752,0.006453,-0.001804
2.67000,0.066678,-0.008766,0.006938
2.67100,0.024747,-0.004556,0.004186
2.67200,0.000301,-0.013137,0.003539
2.67300,-0.008604,-0.009413,0.015681
2.67400,-0.059925,-0.015241,0.013090
2.67500,-0.056363,-0.009737,0.017462
2.67600,-0.050049,-0.019775,-0.004718
2.67700,0.056479,-0.015241,-0.016860
2.67800,0.027661,0.004348,-0.015889
2.67900,-0.075467,0.003377,-0.032241
2.68000,-0.114808,0.001596,-0.022851
2.68100,-0.033698,0.002567,-0.004556
2.68200,0.007910,-0.006013,-0.005528
2.68300,0.047898,-0.010708,0.001272
2.68400,-0.017670,-0.011680,-0.002290
2.68500,-0.002775,-0.002937,0.004186
2.68600,0.085620,-0.006823,0.015357
2.68700,0.063117,-0.007309,-0.002614
2.68800,0.109257,-0.010870,-0.016699
2.68900,0.075421,-0.014270,-0.015565
2.69000,0.110067,-0.008927,-0.016537
2.69100,0.073640,-0.005690,-0.011194
2.69200,-0.070772,-0.006013,0.009205
2.69300,-0.176005,0.000139,0.003539
2.69400,-0.091171,-0.026898,0.006291
2.69500,-0.024631,-0.011518,0.000139
2.69600,-0.090847,-0.009089,0.012605
2.69700,-0.157549,-0.017508,-0.006661
2.69800,-0.143140,-0.005690,-0.009575
2.69900,0.038832,-0.018965,-0.001642
2.70000,-0.013784,-0.010546,0.004186
2.70100,-0.172281,-0.010385,0.007586
2.70200,-0.082429,-0.019613,-0.000509
2.70300,0.280544,0.044660,-0.011356
2.70400,0.202995,0.064088,-0.004233
2.70500,0.084811,0.006291,0.003215
2.70600,0.090801,0.002081,0.011795
2.70700,0.050812,0.004672,0.005481
2.70800,0.113305,-0.009899,-0.018965
2.70900,0.054698,0.010662,-0.020260
2.71000,0.057612,-0.004880,-0.011842
2.71100,0.028471,-0.003423,-0.003909
2.71200,0.048870,0.008557,-0.013299
2.71300,0.060850,0.006291,-0.004233
2.71400,0.041260,-0.005690,-0.001966
2.71500,-0.024793,-0.002775,0.028956
2.71600,-0.002614,-0.001642,0.024909
2.71700,-0.037745,-0.001966,-0.008604
2.71800,-0.024631,-0.003747,-0.019451
2.71900,0.044822,0.001272,-0.021070
2.72000,0.021509,0.007586,-0.022689
2.72100,0.052269,-0.002290,-0.016860
2.72200,0.095334,-0.006337,-0.011032
2.72300,0.187129,-0.008442,0.005967
2.72400,-0.009899,0.010338,-0.009089
2.72500,0.007910,0.014386,-0.010385
2.72600,0.117514,0.018757,-0.026412
2.72700,-0.042926,0.015681,-0.015889
2.72800,-0.291437,0.031385,-0.020746
2.72900,-0.414803,0.012929,-0.011194
2.73000,-0.176491,-0.002614,-0.008118
2.73100,-0.021232,-0.004233,-0.023336
2.73200,0.151512,-0.005528,-0.018479
2.73300,-0.010223,-0.001156,-0.021070
2.73400,-0.139578,-0.010546,0.011795
2.73500,0.047413,-0.001966,0.006938
2.73600,-0.016051,-0.012004,0.007262
2.73700,0.029928,-0.010223,-0.009413
2.73800,0.040289,-0.010223,-0.010546
2.73900,-0.084209,-0.014594,0.005481
2.74000,-0.107037,0.005643,0.030252
2.74100,-0.266181,0.005805,0.055669
2.74200,-0.102990,0.000948,0.058098
2.74300,0.215299,0.000301,0.050651
2.74400,0.008881,-0.002614,0.015519
2.74500,0.106343,0.005967,-0.004556
2.74600,0.047251,0.004024,-0.022365
2.74700,0.008719,0.001920,-0.010870
2.74800,0.016328,-0.005366,-0.008442
2.74900,-0.011356,-0.001318,-0.000185
2.75000,0.069592,-0.010223,0.030413
2.75100,-0.053287,-0.003585,0.026204
2.75200,0.170130,-0.007147,-0.005851
2.75300,0.097924,0.002243,0.013576
2.75400,0.104400,0.006615,0.010014
2.75500,0.131761,0.014062,0.001434
2.75600,-0.105580,0.009205,-0.006985
2.75700,-0.057658,0.015033,-0.008118
2.75800,0.044337,0.001758,-0.000185
2.75900,0.118485,-0.010223,-0.008118
2.76000,-0.020584,-0.002614,0.004024
2.76100,-0.020260,0.005967,0.004510
2.76200,0.057774,0.002891,-0.001480
2.76300,-0.021555,0.007262,0.002891
2.76400,-0.097809,0.000463,0.006938
2.76500,-0.128084,0.003539,0.021995
2.76600,-0.051183,0.000948,0.056641
2.76700,-0.084048,-0.005042,0.054050
2.76800,0.000786,0.009367,0.039156
2.76900,0.115571,0.011957,0.014548
2.77000,0.003053,0.018595,0.005319
2.77100,-0.081619,0.006453,-0.006175
2.77200,-0.007956,0.002081,-0.017508
2.77300,0.068945,0.016490,-0.008118
2.77400,0.068135,0.009205,-0.012165
2.77500,0.143741,0.005805,0.017947
2.77600,0.075097,0.001920,0.025395
2.77700,0.053727,0.015519,0.019566
2.77800,0.064250,0.003215,-0.006823
2.77900,-0.028517,-0.000023,-0.007309
2.78000,-0.116751,0.000301,0.002243
2.78100,-0.082752,-0.002452,0.021671
2.78200,-0.013299,-0.002775,0.026690
2.78300,-0.055878,0.002891,0.027175
2.78400,-0.039364,-0.012004,0.024423
2.78500,-0.019613,-0.012165,0.015681
2.78600,0.011310,-0.002128,0.022804
2.78700,0.007910,-0.016699,0.005643
2.78800,0.017462,-0.004556,0.003862
2.78900,0.017300,-0.009089,0.011310
2.79000,0.003862,-0.019127,0.040451
2.79100,0.046279,-0.011842,0.021347
2.79200,-0.024146,-0.021394,0.009853
2.79300,-0.080486,-0.023984,0.004348
2.79400,-0.022851,-0.025279,-0.026898
2.79500,-0.042278,-0.016860,-0.014108
2.79600,0.165759,-0.000347,0.002405
2.79700,0.225337,-0.002937,0.011795
2.79800,-0.035964,-0.001318,0.009043
2.79900,-0.091495,-0.003747,0.009853
2.80000,0.176606,0.003053,0.013414
2.80100,0.267592,-0.015241,-0.009251
2.80200,-0.023336,-0.007309,0.007100
2.80300,-0.134721,0.001110,-0.012004
2.80400,-0.126950,-0.001642,0.000948
2.80500,-0.016375,-0.005204,-0.001156
2.80600,-0.103475,0.010824,-0.023498
2.80700,-0.220203,0.010500,-0.031269
2.80800,-0.071582,0.008881,-0.021717
2.80900,-0.026574,0.008234,-0.010708
2.81000,-0.045516,0.012929,-0.010870
2.81100,-0.007632,0.019566,-0.007309
2.81200,0.043365,0.011633,-0.014594
2.81300,0.026528,0.010662,-0.002614
2.81400,-0.054259,0.000948,0.029280
2.81500,-0.134397,0.006453,0.018109
2.81600,-0.084209,-0.004718,0.007910
2.81700,0.025556,-0.011194,0.026042
2.81800,0.090963,-0.005204,0.038670
2.81900,0.052108,0.006938,0.025556
2.82000,0.033489,0.004024,-0.011356
2.82100,0.003053,0.009205,-0.015403
2.82200,-0.100075,0.009691,0.002243
2.82300,0.034137,-0.005042,-0.004233
2.82400,0.053403,0.001272,-0.020584
2.82500,0.118647,0.005643,-0.029650
2.82600,0.115247,0.002729,-0.011032
2.82700,-0.073848,-0.010223,-0.010385
2.82800,-0.090847,0.000624,-0.006013
2.82900,-0.160787,0.004510,-0.010061
2.83000,-0.215184,0.010500,0.003700
2.83100,-0.082105,0.011795,0.010500
2.83200,0.068459,-0.012004,0.012929
2.83300,0.131437,-0.007632,-0.014756
2.83400,0.112009,-0.007794,-0.008766
2.83500,0.041260,-0.013784,-0.041793
2.83600,-0.059601,-0.017670,-0.046164
2.83700,-0.175843,-0.007470,-0.019936
2.83800,-0.052154,-0.001156,-0.001156
2.83900,0.114276,0.005643,0.020700
2.84000,0.120266,-0.010385,0.019890
2.84100,0.131599,0.010014,-0.021879
2.84200,0.142932,0.011633,-0.043573
2.84300,0.074287,0.017947,-0.017994
2.84400,-0.012327,0.022804,0.019728
2.84500,-0.065753,0.021023,0.029766
2.84600,0.005319,0.015519,0.004186
2.84700,-0.089066,0.008072,-0.035964
2.84800,0.026528,0.005805,-0.045678
2.84900,0.110552,0.009691,-0.037745
2.85000,-0.021070,0.006615,-0.034993
2.85100,0.015681,-0.004071,0.016814
2.85200,-0.047783,-0.006661,0.021347
2.85300,-0.018803,-0.002775,-0.014594
2.85400,-0.035479,-0.000347,-0.041145
2.85500,-0.018479,-0.002290,-0.040821
2.85600,-0.014918,-0.001318,-0.004071
2.85700,-0.022851,0.005805,0.008072
2.85800,-0.010870,0.001758,0.025880
2.85900,-0.007147,0.007748,0.005643
2.86000,-0.008766,0.002405,0.021023
2.86100,0.001434,-0.002937,0.040127
2.86200,0.014062,0.006291,0.004510
2.86300,-0.003261,0.000786,-0.042116
2.86400,0.007910,-0.000833,-0.077086
2.86500,0.002405,-0.004394,-0.041631
2.86600,-0.012165,-0.002290,-0.056201
2.86700,-0.022365,-0.004071,-0.017508
2.86800,-0.024955,0.001110,-0.016860
2.86900,-0.011194,-0.006013,-0.015565
2.87000,-0.004556,0.002405,-0.020098
2.87100,0.007748,0.011633,-0.038231
2.87200,-0.007309,0.008395,-0.022851
2.87300,-0.017346,-0.011032,0.002243
2.87400,-0.011032,-0.006337,0.021671
2.87500,-0.013623,0.006776,0.025233
2.87600,-0.006985,-0.004880,0.014386
2.87700,-0.015403,-0.000185,-0.024631
2.87800,-0.006013,0.004348,-0.034993
2.87900,-0.017994,0.005967,-0.029165
2.88000,-0.012327,0.012281,-0.028355
2.88100,-0.014918,0.012767,-0.030622
2.88200,-0.005528,0.011633,0.003053
2.88300,0.006938,-0.000185,-0.000671
2.88400,0.002729,0.006615,-0.011680
2.88500,0.003539,-0.000347,-0.018156
2.88600,-0.013946,0.006291,0.008881
2.88700,-0.018803,0.036889,-0.006499
2.88800,-0.020260,0.052917,-0.001480
2.88900,-0.027869,0.027499,-0.010708
2.89000,-0.012327,-0.010708,-0.000671
2.89100,-0.004071,-0.040174,0.015681
2.89200,-0.014918,-0.036288,0.027661
2.89300,-0.016699,-0.020098,0.013414
2.89400,-0.017184,-0.005851,0.022157
2.89500,-0.007956,0.012605,0.045955
2.89600,-0.007956,0.020700,0.028956
2.89700,-0.003423,0.013576,0.024261
2.89800,0.010338,-0.018803,0.014224
2.89900,-0.017832,-0.015241,0.008719
2.90000,-0.019775,-0.022689,0.023776
2.90100,-0.015080,-0.030460,0.028147
2.90200,-0.013299,-0.025279,0.019566
2.90300,-0.015565,-0.012327,-0.009899
2.90400,-0.010061,0.015357,-0.013784
2.90500,-0.020746,0.014224,-0.018641
2.90600,-0.017994,0.015681,-0.015403
2.90700,-0.017184,-0.008442,0.009529
2.90800,-0.023498,-0.022527,0.009367
2.90900,-0.017022,-0.023822,0.035594
2.91000,-0.015889,-0.016537,0.031870
2.91100,-0.010061,-0.010870,-0.014918
2.91200,-0.011356,0.000948,-0.012651
2.91300,-0.004071,-0.003909,-0.010546
2.91400,0.002243,-0.001318,-0.017994
2.91500,0.000624,0.000463,-0.024470
2.91600,0.001596,-0.010546,-0.010546
2.91700,0.004348,-0.031431,0.002405
2.91800,-0.007470,-0.017184,-0.004718
2.91900,-0.018318,0.007910,0.013576
2.92000,-0.008118,0.000624,0.008395
2.92100,-0.011032,0.006453,0.002567
2.92200,-0.001642,-0.002614,-0.013299
2.92300,-0.007147,0.005967,-0.000995
2.92400,-0.010061,0.002567,-0.011842
2.92500,-0.005204,-0.004394,0.011957
2.92600,-0.008927,0.003215,-0.000671
2.92700,-0.002937,-0.001804,0.000948
2.92800,0.006615,-0.020908,-0.004071
2.92900,0.010824,-0.008766,0.016328
2.93000,0.000948,-0.002614,0.006938
2.93100,0.004348,-0.000509,0.012281
2.93200,-0.003909,-0.000995,0.002567
2.93300,0.018271,-0.004880,0.006776
2.93400,-0.010223,-0.006823,0.009853
2.93500,-0.011680,-0.003585,0.005158
2.93600,-0.012975,0.012281,-0.000833
2.93700,-0.016537,0.025071,0.009205
2.93800,0.000139,0.016976,-0.002937
2.93900,-0.009575,0.024423,-0.008766
2.94000,-0.007147,0.009043,-0.009089
2.94100,-0.000347,-0.024955,-0.012975
2.94200,0.003862,-0.024146,-0.010546
2.94300,-0.011518,-0.016860,-0.013299
2.94400,-0.001480,0.005158,-0.017022
2.94500,-0.014108,0.002405,-0.016537
2.94600,0.007262,-0.004233,-0.007956
2.94700,0.001434,-0.011518,-0.002290
2.94800,-0.008604,0.010176,0.013576
2.94900,0.002243,0.027014,0.013900
2.95000,0.001596,0.012281,0.014224
2.95100,0.013414,-0.010546,0.004348
2.95200,0.016652,-0.027222,0.001434
2.95300,0.027337,-0.023660,-0.010385
2.95400,0.010986,-0.028355,-0.011518
2.95500,0.005158,-0.052963,-0.000023
2.95600,0.005158,-0.047135,-0.008118
2.95700,0.000463,0.000301,-0.011680
2.95800,-0.007632,-0.017508,-0.006337
2.95900,0.007586,-0.017670,-0.001804
2.96000,0.016166,0.008395,-0.007309
2.96100,0.003053,-0.014108,-0.014108
2.96200,0.012605,0.041908,-0.006175
2.96300,0.001758,0.024423,0.009367
2.96400,0.007100,-0.024470,0.006776
2.96500,0.009853,0.001596,-0.004880
2.96600,0.007748,0.027175,-0.002937
2.96700,0.016490,0.020214,0.005805
2.96800,0.010014,-0.003099,0.009691
2.96900,0.005805,-0.007147,-0.000347
2.97000,0.005967,-0.015565,-0.001966
2.97100,-0.005528,0.006453,-0.017346
2.97200,0.005643,0.009691,-0.000347
2.97300,0.004024,0.001272,-0.010061
2.97400,-0.000347,0.005158,-0.008118
2.97500,0.008881,0.007910,-0.005851
2.97600,0.005158,0.001920,-0.004880
2.97700,0.010500,-0.012975,-0.000833
2.97800,0.003539,-0.016699,0.003215
2.97900,0.011148,-0.002775,-0.000833
2.98000,0.016490,0.016166,-0.000347
2.98100,0.014709,-0.006175,-0.003585
2.98200,0.010500,-0.059115,-0.004233
2.98300,0.003215,-0.102018,-0.013299
2.98400,0.013090,-0.130350,-0.002290
2.98500,-0.002128,-0.109789,0.016166
2.98600,0.002243,-0.060249,0.008072
2.98700,0.007424,0.061174,0.009691
2.98800,0.005967,0.180815,0.014709
2.98900,-0.009251,0.089020,-0.000671
2.99000,-0.008280,0.083677,0.013576
2.99100,-0.004394,0.103267,0.015519
2.99200,0.006776,0.001434,-0.004880
2.99300,0.014548,0.023128,0.010662
2.99400,0.017138,0.029604,0.002891
2.99500,0.019728,0.041584,0.006453
2.99600,-0.000833,0.023452,0.007100
2.99700,0.005481,0.023290,0.000624
2.99800,0.000139,0.009853,0.007910
2.99900,-0.010061,-0.013623,-0.006661
3.00000,0.002243,-0.014756,0.002243
3.00100,-0.000509,0.001110,0.006453
3.00200,0.006129,-0.000023,0.004348
3.00300,0.010986,-0.068991,0.002243
3.00400,-0.000023,-0.165482,-0.002775
3.00500,-0.012327,-0.196566,0.021671
3.00600,0.029118,-0.233802,0.006291
3.00700,-0.011194,-0.189928,0.013090
3.00800,-0.013137,0.202348,0.011148
3.00900,0.013738,0.290258,-0.017346
3.01000,0.007586,-0.056363,0.009529
3.01100,0.023128,-0.033050,0.003215
3.01200,-0.011518,0.035108,0.002081
3.01300,0.006938,0.102619,0.008719
3.01400,-0.005690,0.137913,0.006615
3.01500,-0.009575,-0.091981,0.007262
3.01600,-0.000995,-0.191871,0.013090
3.01700,0.003539,-0.147025,0.004834
3.01800,-0.006661,0.060850,0.000463
3.01900,0.003215,0.346112,0.000786
3.02000,0.008395,0.213680,0.017300
3.02100,0.014871,0.018109,0.011633
3.02200,0.001110,0.033166,0.010176
3.02300,-0.000995,-0.138607,0.011633
3.02400,0.015519,-0.028679,0.007586
3.02500,0.004996,0.012929,0.009205
3.02600,0.001596,-0.014432,0.012605
3.02700,0.010338,-0.006661,0.011795
3.02800,0.006453,-0.006661,-0.000671
3.02900,0.003700,-0.008442,0.002729
3.03000,-0.006661,-0.009575,0.003215
3.03100,0.011957,-0.136664,0.014062
3.03200,0.004348,-0.155768,0.005805
3.03300,-0.017994,0.001272,-0.000023
3.03400,-0.006661,0.104562,0.006615
3.03500,-0.009413,0.060041,0.007748
3.03600,-0.029326,-0.068667,-0.002452
3.03700,-0.013784,-0.093114,-0.006823
3.03800,0.001758,-0.025441,0.006776
3.03900,-0.000023,0.094525,-0.000995
3.04000,0.005319,0.134675,0.012929
3.04100,0.013414,-0.003747,0.005805
3.04200,0.004348,-0.060087,-0.000671
3.04300,-0.006337,0.045632,0.006453
3.04400,-0.003423,0.182920,-0.013461
3.04500,-0.009737,0.108933,0.007910
3.04600,-0.001642,-0.085181,0.004348
3.04700,-0.002128,0.013738,-0.004071
3.04800,-0.000509,0.061659,-0.009413
3.04900,-0.013623,0.077687,-0.001480
3.05000,-0.012327,0.101162,-0.001480
3.05100,-0.005851,0.019728,0.001920
3.05200,0.003053,-0.068829,0.001920
3.05300,-0.001804,-0.147511,0.004996
3.05400,-0.004071,-0.281400,-0.002775
3.05500,-0.014432,-0.314589,0.001920
3.05600,-0.032726,-0.173253,0.002405
3.05700,-0.015889,-0.064134,-0.011680
3.05800,-0.012327,0.021347,-0.006499
3.05900,-0.004556,0.126580,0.001758
3.06000,0.009043,0.160255,-0.003585
3.06100,0.006129,0.054374,0.013090
3.06200,0.004348,-0.005042,-0.007147
3.06300,-0.002614,0.078821,-0.011194
3.06400,-0.010708,0.244441,-0.008766
3.06500,0.005805,0.133380,-0.005528
3.06600,0.006453,0.092744,0.003377
3.06700,-0.002937,0.097277,0.001434
3.06800,-0.003585,-0.110113,-0.007147
3.06900,0.016814,-0.077086,0.008234
3.07000,-0.000347,-0.020584,-0.007309
3.07100,0.001272,0.071535,0.004834
3.07200,0.006453,0.086915,0.001596
3.07300,-0.014594,0.029118,0.006776
3.07400,-0.029650,-0.099913,-0.008766
3.07500,-0.032241,-0.071743,-0.013299
3.07600,0.000139,0.065059,0.004186
3.07700,0.010014,0.051622,-0.003909
3.07800,0.008719,0.071049,-0.001642
3.07900,0.017624,0.107800,0.014709
3.08000,0.009529,0.057936,-0.002452
3.08100,-0.012651,-0.048754,-0.003423
3.08200,-0.027060,-0.031431,0.000139
3.08300,-0.014594,-0.065106,-0.003747
3.08400,-0.006985,-0.044221,-0.002452
3.08500,0.002891,-0.021394,-0.010870
3.08600,0.001110,-0.024631,0.006129
3.08700,0.013414,-0.037421,-0.019451
3.08800,0.025395,-0.123712,0.005967
3.08900,0.027661,-0.079676,-0.000023
3.09000,0.010662,0.125609,-0.005851
3.09100,-0.010870,0.164950,0.008557
3.09200,-0.026412,-0.002128,0.008395
3.09300,-0.028679,-0.063649,-0.004071
3.09400,-0.013461,-0.157225,0.017138
3.09500,-0.006661,-0.235583,0.005158
3.09600,-0.010061,-0.288038,0.001758
3.09700,-0.003261,-0.260353,0.000139
3.09800,-0.004071,-0.015403,0.013738
3.09900,-0.014432,-0.051992,-0.003261
3.10000,-0.016537,-0.136178,-0.002614
3.10100,-0.003423,0.007424,0.005481
3.10200,-0.014270,0.056479,0.005481
3.10300,-0.024631,0.328789,0.004348
3.10400,-0.008927,0.061012,0.010176
3.10500,0.014548,-0.156901,0.005481
3.10600,0.017462,0.004186,0.004834
3.10700,0.011471,-0.055554,0.005643
3.10800,-0.009251,0.104076,0.005158
3.10900,-0.012489,0.147465,-0.000509
3.11000,0.005158,0.255774,0.001434
3.11100,0.004672,0.096953,0.010176
3.11200,0.004186,0.045955,-0.001318
3.11300,0.009367,0.123666,-0.001642
3.11400,-0.002290,0.089020,-0.006985
3.11500,-0.018479,0.150541,-0.001804
3.11600,-0.013299,0.093229,-0.010385
3.11700,-0.015889,0.140827,0.020700
3.11800,-0.002128,0.126742,0.008395
3.11900,0.002891,0.047413,0.011795
3.12000,-0.004556,0.001596,0.016976
3.12100,-0.008927,-0.091495,0.015843
3.12200,0.021995,-0.204013,-0.002128
3.12300,0.007910,-0.172929,-0.000995
3.12400,-0.013623,-0.059601,-0.005528
3.12500,-0.004718,0.083516,0.016005
3.12600,0.018595,0.004834,0.004348
3.12700,0.013414,-0.258896,-0.006823
3.12800,0.014709,-0.166777,-0.000509
3.12900,0.012605,-0.140873,0.004996
3.13000,-0.015080,-0.186043,0.023290
3.13100,-0.037098,-0.098942,0.012929
3.13200,-0.018318,-0.026250,-0.006499
3.13300,0.004510,0.062145,0.000786
3.13400,0.010662,0.127713,-0.003099
3.13500,0.018919,0.076878,-0.021555
3.13600,0.014386,0.222585,-0.006985
3.13700,0.016490,0.173854,0.012605
3.13800,-0.001966,-0.054582,0.013414
3.13900,-0.013461,0.065383,0.006453
3.14000,-0.014108,-0.076762,0.007262
3.14100,-0.000833,-0.190090,0.004186
3.14200,0.020700,-0.304065,-0.007794
3.14300,0.027337,-0.504979,-0.011356
3.14400,0.029442,-0.412536,-0.000671
3.14500,0.002567,-0.291599,0.003053
3.14600,-0.028517,0.092906,0.007100
3.14700,-0.023822,0.625384,0.000948
3.14800,-0.030298,0.215623,0.005643
3.14900,-0.024793,-0.133750,-0.005528
3.15000,-0.006175,0.267106,0.003862
3.15100,0.000139,0.325389,-0.000185
3.15200,0.015033,0.323285,0.005643
3.15300,-0.014594,0.148274,-0.000347
3.15400,-0.033536,0.010338,0.005158
3.15500,0.001758,0.101000,0.009043
3.15600,0.017462,0.173044,-0.004071
3.15700,0.017624,0.178225,-0.001966
3.15800,0.019890,0.089020,-0.000347
3.15900,-0.001156,0.011795,-0.012651
3.16000,-0.006499,-0.054259,-0.001480
3.16100,-0.008442,-0.052640,-0.009737
3.16200,0.016814,-0.040335,0.006938
3.16300,0.011957,-0.122417,0.001272
3.16400,0.001272,-0.133102,0.005481
3.16500,0.000139,-0.074334,-0.005528
3.16600,-0.003747,-0.044869,0.005319
3.16700,0.000139,0.071535,0.011795
3.16800,0.001596,0.104076,-0.004556
3.16900,0.017138,-0.043250,-0.002937
3.17000,0.010014,-0.046488,-0.004233
3.17100,0.012119,0.023290,0.008719
3.17200,0.008557,-0.055878,-0.000833
3.17300,0.018757,-0.070448,0.003700
3.17400,0.037213,-0.407356,-0.003261
3.17500,0.032680,-0.588680,0.008557
3.17600,0.016005,-0.411403,0.008234
3.17700,-0.008604,-0.326893,0.009853
3.17800,-0.051830,0.208500,0.004510
3.17900,-0.025441,0.349026,0.007586
3.18000,0.013738,-0.098780,0.002567
3.18100,-0.013946,0.060202,0.012605
3.18200,-0.007956,0.019566,0.007748
3.18300,-0.021394,0.225985,-0.004233
3.18400,-0.028193,0.317456,0.003053
3.18500,-0.027708,-0.024470,0.001758
3.18600,-0.010223,0.254964,0.008072
3.18700,0.001272,0.089991,0.012443
3.18800,0.009367,0.244279,-0.000509
3.18900,0.012281,0.216918,-0.000023
3.19000,0.005319,0.094686,-0.004718
3.19100,0.018919,0.192634,0.005805
3.19200,0.006129,-0.017994,0.001758
3.19300,0.010014,0.105372,0.002243
3.19400,-0.001156,-0.036288,-0.015241
3.19500,-0.021394,-0.060573,-0.005204
3.19600,-0.044059,-0.145083,-0.000023
3.19700,-0.046649,-0.165967,0.014224
3.19800,-0.029650,-0.131645,0.003377
3.19900,-0.023984,0.017624,0.006291
3.20000,-0.015241,0.230680,-0.011680
3.20100,0.005643,0.287667,0.003377
3.20200,0.026528,-0.094895,0.000786
3.20300,0.045632,-0.463372,-0.005851
3.20400,0.025233,-0.610212,0.002891
3.20500,0.025395,-0.687275,-0.006499
3.20600,0.006453,-0.469038,0.001758
3.20700,-0.025765,-0.156739,0.003539
3.20800,-0.020746,0.339150,-0.007956
3.20900,-0.046488,0.129494,-0.005042
3.21000,-0.060896,0.377844,-0.000833
3.21100,-0.037583,0.678648,-0.004718
3.21200,0.003539,0.342388,0.003539
3.21300,0.040775,0.047574,0.007586
3.21400,0.043041,-0.022365,0.007748
3.21500,0.023128,-0.015889,0.014386
3.21600,0.036080,-0.019775,0.015519
3.21700,0.011310,-0.013299,-0.006013
3.21800,-0.007794,-0.022041,-0.042116
3.21900,-0.022203,-0.016213,-0.038717
3.22000,-0.008118,0.001596,-0.032079
3.22100,0.009205,0.102619,-0.019613
3.22200,0.007910,0.036889,-0.009089
3.22300,0.020538,-0.033698,-0.009251
3.22400,0.027661,-0.016537,0.010500
3.22500,0.009043,0.007910,0.022642
3.22600,0.003700,-0.025441,0.031870
3.22700,-0.001966,-0.017670,0.029604
3.22800,0.001596,-0.021232,0.019728
3.22900,-0.005204,-0.018965,0.008719
3.23000,-0.007632,-0.008766,0.015195
3.23100,-0.010870,0.068135,0.000301
3.23200,-0.019775,0.015195,0.014548
3.23300,0.009205,-0.045354,0.007910
3.23400,0.011957,-0.094571,-0.001318
3.23500,-0.009089,-0.178110,0.002081
3.23600,-0.018965,-0.161920,0.003377
3.23700,-0.037259,-0.003747,0.001272
3.23800,-0.025765,0.016814,-0.005851
3.23900,-0.016375,-0.060896,0.002081
3.24000,-0.015727,0.020700,0.011148
3.24100,-0.011842,0.100353,0.009529
3.24200,0.006129,0.112981,0.004186
3.24300,0.008881,0.019243,-0.001480
3.24400,0.004186,-0.038555,0.033489
3.24500,0.005967,-0.057820,0.074449
3.24600,-0.002614,-0.052478,0.049032
3.24700,-0.017994,-0.050697,0.012929
3.24800,0.005319,-0.041954,-0.029488
3.24900,0.019081,0.001272,-0.068991
3.25000,0.013090,-0.005366,-0.076277
3.25100,0.007100,-0.004556,-0.062192
3.25200,-0.006499,-0.094733,-0.041793
3.25300,-0.004880,-0.139578,-0.016213
3.25400,-0.006175,-0.094571,-0.001156
3.25500,-0.014432,0.072183,0.018433
3.25600,-0.013461,0.044498,0.027823
3.25700,0.017300,-0.003747,0.015195
3.25800,0.026042,0.090153,0.008557
3.25900,0.016005,0.096467,0.004672
3.26000,0.023614,0.101000,-0.003261
3.26100,0.021671,0.040937,-0.001480
3.26200,-0.008927,0.039803,0.000463
3.26300,-0.026412,-0.046811,0.002405
3.26400,-0.024631,-0.096514,0.002081
3.26500,-0.004880,0.002081,-0.003099
3.26600,0.010500,0.017300,-0.002290
3.26700,0.002081,-0.039040,-0.005204
3.26800,0.007586,-0.066401,-0.034345
3.26900,-0.006499,-0.035802,-0.065429
3.27000,0.001758,0.024909,-0.057173
3.27100,0.009043,0.061821,-0.049078
3.27200,0.013252,0.059393,-0.032079
3.27300,0.007748,-0.000185,-0.002614
3.27400,-0.025279,-0.089552,0.017138
3.27500,-0.028355,-0.106875,0.040289
3.27600,-0.015565,-0.055878,0.054860
3.27700,-0.008766,0.009367,0.038832
3.27800,0.006129,0.046279,0.027499
3.27900,0.010662,0.111847,0.010338
3.28000,-0.005528,0.071211,0.010500
3.28100,-0.018318,-0.029165,-0.003909
3.28200,-0.028193,-0.076762,0.011795
3.28300,-0.016213,-0.014594,0.004024
3.28400,-0.014270,-0.022041,-0.006337
3.28500,-0.003261,-0.054259,-0.005042
3.28600,0.009691,0.009853,-0.005042
3.28700,0.010338,-0.000023,-0.013623
3.28800,-0.001804,-0.005366,-0.005366
3.28900,-0.009737,-0.016699,0.001110
3.29000,-0.016051,-0.001156,0.004348
3.29100,-0.003585,-0.016537,0.027014
3.29200,-0.014270,-0.010546,0.025395
3.29300,0.005643,0.004186,0.013414
3.29400,0.005319,0.026852,0.012929
3.29500,-0.002614,0.049355,0.013090
3.29600,0.014224,0.032356,-0.012975
3.29700,0.006938,0.004348,-0.005042
3.29800,0.000139,-0.036612,0.001758
3.29900,-0.009251,-0.066887,-0.004556
3.30000,-0.017184,-0.021717,0.001110
3.30100,0.001596,0.003215,0.011633
3.30200,0.007910,0.013252,-0.003585
3.30300,-0.007956,0.043203,0.005805
3.30400,0.004996,0.028309,-0.004880
3.30500,-0.004394,0.009205,0.002081
3.30600,0.002567,-0.009575,0.006938
3.30700,0.003539,0.018595,0.004996
3.30800,-0.006499,0.009691,0.007424
3.30900,0.003377,0.005481,-0.006337
3.31000,0.010176,0.009367,0.003539
3.31100,0.006615,0.007910,0.003862
3.31200,0.002081,0.008719,-0.007956
3.31300,0.001110,0.015033,-0.006823
3.31400,0.002729,0.018109,-0.007956
3.31500,0.002405,0.007910,-0.005366
3.31600,-0.008118,0.015357,0.009043
3.31700,0.004186,0.013252,-0.002775
3.31800,0.001272,0.009043,-0.005690
3.31900,-0.008927,0.015195,-0.006013
3.32000,-0.001156,0.026528,0.001596
3.32100,-0.000833,0.011795,0.015519
3.32200,0.005481,-0.003909,0.071373
3.32300,0.010662,-0.007632,0.069754
3.32400,0.002405,0.004996,0.028147
3.32500,0.016490,0.010500,-0.004880
3.32600,0.020700,-0.001966,-0.033536
3.32700,0.021671,0.007910,-0.049240
3.32800,0.029118,0.012281,-0.047135
3.32900,0.011471,0.002243,-0.046811
3.33000,0.007262,-0.008118,-0.042440
3.33100,-0.003261,0.002891,-0.023013
3.33200,0.004348,0.003862,0.007262
3.33300,-0.001480,-0.002775,0.026204
3.33400,-0.012489,0.007424,0.010662
3.33500,0.009529,0.010824,0.005967
3.33600,-0.000995,0.010824,-0.000185
3.33700,-0.006175,-0.003585,-0.024308
3.33800,-0.003261,0.003215,-0.061058
3.33900,0.007262,-0.004394,-0.079838
3.34000,0.000624,0.005481,-0.073201
3.34100,0.010824,-0.001318,-0.064296
3.34200,-0.001156,-0.007956,-0.076277
3.34300,0.001758,0.000624,-0.110761
3.34400,0.006129,-0.005366,-0.128407
3.34500,0.002891,0.005158,-0.091171
3.34600,0.007748,-0.008927,-0.042278
3.34700,0.005481,-0.000833,0.012119
3.34800,0.007262,0.002729,0.057450
3.34900,0.003377,0.002891,0.075097
3.35000,0.004996,0.012605,0.088534
3.35100,-0.004880,-0.000833,0.085944
3.35200,-0.005042,-0.006985,0.065869
3.35300,0.000786,-0.001156,0.031061
3.35400,-0.006661,-0.004233,-0.014108
3.35500,-0.017022,0.002891,-0.008927
3.35600,-0.016213,-0.000185,0.068297
3.35700,-0.007470,-0.003747,0.067488
3.35800,-0.009899,-0.001480,-0.007147
3.35900,-0.002937,0.006615,-0.048107
3.36000,0.000139,0.001920,-0.048430
3.36100,-0.005042,0.008881,0.011633
3.36200,0.008719,-0.003099,0.025556
3.36300,0.009367,0.006291,0.062469
3.36400,0.012929,-0.002775,0.082868
3.36500,0.009529,0.006453,0.077849
3.36600,0.011957,0.001272,0.077687
3.36700,0.023776,0.003539,0.061498
3.36800,0.001272,0.000948,0.077687
3.36900,0.011310,-0.010546,0.092906
3.37000,0.012929,-0.006985,0.035594
3.37100,-0.001642,0.000624,-0.036936
3.37200,0.008719,0.002081,-0.027546
3.37300,-0.002614,-0.004880,-0.023336
3.37400,0.005805,-0.005528,-0.085667
3.37500,0.000463,0.004186,-0.091333
3.37600,-0.014594,0.005805,-0.078219
3.37700,-0.001642,0.009691,-0.062192
3.37800,-0.006337,-0.002452,-0.052963
3.37900,0.014062,0.001272,-0.039526
3.38000,0.004186,0.001596,0.026690
3.38100,0.007424,-0.000995,0.038508
3.38200,0.012119,-0.000185,0.080601
3.38300,0.004510,0.000786,0.045955
3.38400,0.001596,-0.004718,-0.081133
3.38500,0.007586,0.009043,-0.161920
3.38600,0.007262,0.000948,-0.170177
3.38700,0.004672,-0.006013,-0.102504
3.38800,-0.007147,0.008072,-0.051344
3.38900,-0.005042,0.007424,-0.020908
3.39000,0.005481,-0.008604,0.000624
3.39100,0.008072,-0.000833,-0.013946
3.39200,0.005967,-0.002452,-0.058954
3.39300,-0.013299,-0.003261,0.003377
3.39400,-0.038717,0.000463,0.118647
3.39500,-0.000185,-0.001480,0.189234
3.39600,0.033328,0.001110,0.146170
3.39700,0.035270,0.001110,0.119457
3.39800,-0.024470,0.005481,0.079792
3.39900,-0.040012,-0.000833,0.021833
3.40000,0.055831,0.000624,0.054374
3.40100,0.082382,-0.005528,0.009691
3.40200,0.084163,0.002567,-0.071420
3.40300,0.089830,0.014224,-0.107199
3.40400,0.058745,0.001110,-0.049402
3.40500,0.025556,0.006453,-0.033050
3.40600,0.013252,0.001596,0.050489
3.40700,0.012605,-0.002937,0.070402
3.40800,0.100515,-0.008118,0.091934
3.40900,0.106667,-0.007632,0.110390
3.41000,0.044660,-0.004880,0.111038
3.41100,0.051622,0.001272,0.123342
3.41200,-0.035479,0.004510,0.081573
3.41300,-0.084209,-0.001156,0.047413
3.41400,-0.188471,0.006938,0.007262
3.41500,-0.306008,0.009205,-0.003099
3.41600,-0.161596,0.010500,-0.008927
3.41700,-0.023984,-0.002128,-0.030136
3.41800,-0.036612,-0.000023,-0.030784
3.41900,0.080763,-0.012327,-0.029974
3.42000,0.063926,-0.007147,-0.077410
3.42100,-0.036612,-0.014108,-0.099428
3.42200,-0.103637,-0.017832,-0.076438
3.42300,-0.095380,-0.009575,-0.020746
3.42400,-0.011356,-0.004233,0.006453
3.42500,0.001434,-0.003261,0.002405
3.42600,0.053727,-0.004556,-0.005366
3.42700,0.054860,0.003215,-0.004880
3.42800,-0.011356,0.003862,-0.021232
3.42900,-0.102828,-0.000509,0.001272
3.43000,-0.156415,-0.010870,-0.003261
3.43100,-0.084371,-0.000185,-0.014108
3.43200,0.042394,-0.001642,-0.017508
3.43300,0.046765,-0.002775,-0.007147
3.43400,0.027014,-0.015889,-0.003099
3.43500,0.017947,-0.012327,-0.007309
3.43600,-0.012165,-0.011356,0.000139
3.43700,0.053403,-0.017832,-0.001966
3.43800,0.053565,-0.010385,0.008719
3.43900,0.034461,-0.011356,0.002081
3.44000,-0.093276,-0.006175,-0.010708
3.44100,-0.115941,0.005643,0.007262
3.44200,-0.009737,0.000948,-0.000671
3.44300,-0.028031,-0.004071,-0.005366
3.44400,0.077202,-0.004880,-0.001642
3.44500,0.143579,-0.010546,-0.009899
3.44600,0.085458,-0.003909,-0.010223
3.44700,0.108448,0.000139,-0.003099
3.44800,0.027661,-0.001318,-0.010385
3.44900,-0.045516,0.000786,-0.004071
3.45000,-0.036612,-0.009251,-0.007794
3.45100,0.003539,-0.000347,-0.003261
3.45200,0.012767,0.005319,-0.003423
3.45300,-0.026574,0.011310,-0.013784
3.45400,-0.016213,0.001434,-0.004394
3.45500,-0.046973,0.006453,-0.013299
3.45600,-0.016860,0.006776,-0.007309
3.45700,0.027661,0.000139,-0.000347
3.45800,0.006938,0.011957,-0.002937
3.45900,-0.007794,0.010176,-0.003261
3.46000,-0.009899,0.003215,-0.009089
3.46100,0.027985,0.007910,-0.007147
3.46200,0.036889,0.002567,-0.003261
3.46300,0.044660,0.004186,-0.003909
3.46400,0.025880,0.008881,-0.004394
3.46500,0.061659,0.003377,-0.011194
3.46600,0.130142,0.009529,-0.007147
3.46700,0.151188,-0.002775,-0.009413
3.46800,0.122533,0.006291,-0.011680
3.46900,-0.025117,0.016328,-0.011680
3.47000,-0.085505,0.008395,-0.010546
3.47100,-0.204661,0.011795,-0.006661
3.47200,-0.377243,0.021833,-0.001480
3.47300,-0.250154,0.016005,-0.005366
3.47400,-0.108332,0.024747,-0.001804
3.47500,-0.024308,0.012119,-0.009413
3.47600,0.031061,0.015843,0.000139
3.47700,0.045308,0.017300,-0.002937
3.47800,-0.006175,0.010824,-0.011680
3.47900,-0.035479,0.004996,-0.002775
3.48000,0.054212,0.007910,-0.008442
3.48100,0.008881,0.016976,-0.005851
3.48200,0.045794,0.013090,-0.000995
3.48300,0.030737,0.011957,-0.002937
3.48400,0.013738,0.014709,-0.006337
3.48500,0.009853,0.015843,-0.005366
3.48600,-0.068829,0.020376,-0.007470
3.48700,-0.143787,0.031385,0.001920
3.48800,-0.094085,0.020376,-0.007632
3.48900,0.015681,0.011795,0.006776
3.49000,-0.034993,0.017947,-0.010870
3.49100,-0.017670,0.016976,0.001434
3.49200,-0.017346,0.010662,-0.002128
3.49300,-0.011032,0.013414,-0.005690
3.49400,0.038508,0.006453,-0.005204
3.49500,0.099543,0.014709,-0.005851
3.49600,0.066516,0.010014,0.010014
3.49700,0.003539,0.013252,0.005319
3.49800,-0.008604,0.005319,-0.001480
3.49900,-0.028517,0.003700,-0.002775
3.50000,0.021185,0.009529,-0.000833
3.50100,0.025880,0.013900,0.010986
3.50200,0.042070,0.011310,0.003862
3.50300,0.034623,0.007586,-0.001156
3.50400,0.013900,-0.000347,0.008072
3.50500,0.006615,0.005158,0.009205
3.50600,0.002405,-0.006661,0.011310
3.50700,0.022480,-0.007309,0.002243
3.50800,0.015195,-0.003909,0.004996
3.50900,0.016976,-0.002775,0.010014
3.51000,-0.007147,-0.006823,0.006453
3.51100,0.006453,-0.009575,0.016490
3.51200,0.025233,0.003862,0.014386
3.51300,0.020214,0.000139,0.008072
3.51400,0.020700,-0.000995,0.011957
3.51500,0.000786,-0.008118,0.000139
3.51600,-0.035964,-0.007309,0.013738
3.51700,-0.034831,-0.004071,0.004834
3.51800,-0.013784,0.002081,0.005643
3.51900,-0.005042,0.005481,0.007100
3.52000,0.022966,-0.003261,0.006615
3.52100,0.017785,0.001920,0.009043
3.52200,-0.051344,0.005643,0.010014
3.52300,-0.119827,0.000786,0.000463
3.52400,-0.052802,-0.003585,0.012443
3.52500,0.071859,0.004024,0.006615
3.52600,0.068621,-0.009089,0.008072
3.52700,0.062793,-0.003423,0.001758
3.52800,0.075906,-0.000833,0.010338
3.52900,0.016328,-0.007632,0.001758
3.53000,0.027175,0.000301,-0.000509
3.53100,0.029118,-0.000185,0.012767
3.53200,0.039803,-0.003585,0.011795
3.53300,0.051298,-0.007794,0.010014
3.53400,0.006291,-0.001642,0.008395
3.53500,-0.076277,0.001110,0.008395
3.53600,-0.106066,-0.006499,0.012281
3.53700,-0.022203,-0.008604,0.001596
3.53800,-0.043573,-0.005204,0.016652
3.53900,-0.036774,-0.006985,0.003215
3.54000,-0.011032,-0.003423,0.010500
3.54100,-0.031593,-0.006175,0.008719
3.54200,-0.007956,-0.000185,0.008395
3.54300,-0.004071,0.000948,0.001596
3.54400,0.004186,-0.000995,0.007910
3.54500,-0.001156,-0.010385,0.012281
3.54600,0.009205,-0.020098,0.007424
3.54700,-0.007147,-0.005366,0.015843
3.54800,0.018595,-0.006013,0.008719
3.54900,-0.005042,-0.014432,0.008881
3.55000,-0.009089,-0.015403,0.020862
3.55100,0.013576,-0.004880,0.015357
3.55200,0.006129,-0.006823,0.016166
3.55300,-0.007632,-0.011842,0.009853
3.55400,-0.004394,-0.010546,-0.005366
3.55500,0.013900,-0.012165,0.009853
3.55600,0.011957,-0.002128,0.002243
3.55700,-0.000023,-0.013623,0.006129
3.55800,-0.073201,-0.013299,-0.005366
3.55900,-0.109627,-0.006013,0.006453
3.56000,-0.004718,-0.006985,0.017785
3.56100,0.095982,-0.000995,0.003862
3.56200,-0.001966,-0.001318,0.001434
3.56300,-0.009089,-0.012975,0.001920
3.56400,-0.024955,-0.017184,-0.000833
3.56500,-0.053125,-0.000671,-0.002775
3.56600,-0.061382,-0.017346,0.004024
3.56700,0.000624,-0.015565,-0.003909
3.56800,0.053727,-0.015403,-0.000185
3.56900,0.011310,-0.012004,-0.009899
3.57000,0.024423,-0.010546,0.004834
3.57100,0.008719,-0.010708,-0.003423
3.57200,-0.013784,-0.011356,0.010662
3.57300,-0.085019,-0.014756,-0.012651
3.57400,-0.021717,-0.013299,-0.002128
3.57500,0.054050,-0.016375,0.009853
3.57600,0.018109,-0.012165,0.004834
3.57700,-0.016375,-0.009575,0.011957
3.57800,-0.009251,-0.005528,0.003377
3.57900,0.015033,-0.009251,0.007910
3.58000,0.023290,-0.008927,0.002081
3.58100,-0.007470,-0.015241,-0.002452
3.58200,-0.040821,-0.007470,0.002729
3.58300,0.006129,-0.014108,0.002243
3.58400,0.025233,-0.011194,-0.001804
3.58500,0.033651,-0.010546,-0.000833
3.58600,0.033328,-0.011032,0.001920
3.58700,0.022157,-0.011356,0.002405
3.58800,0.027175,-0.006985,0.005643
3.58900,0.006615,-0.010385,-0.008604
3.59000,-0.066725,-0.004718,-0.002290
3.59100,-0.094247,-0.019127,0.000301
3.59200,-0.068182,-0.012327,0.000948
3.59300,-0.035802,-0.002775,-0.000347
3.59400,-0.020098,-0.012489,-0.001966
3.59500,-0.011194,-0.011032,0.002243
3.59600,-0.021394,-0.017022,-0.002937
3.59700,-0.023174,-0.013946,0.005319
3.59800,0.014062,-0.012489,0.000786
3.59900,0.016328,-0.016699,0.002891
3.60000,0.021185,-0.017022,-0.000509
3.60100,0.035594,-0.010061,0.015195
3.60200,-0.009899,-0.007794,0.005481
3.60300,-0.043897,-0.012975,0.010986
3.60400,-0.022203,-0.017832,0.009367
3.60500,0.017785,-0.011356,0.012443
3.60600,0.025071,0.001272,0.003862
3.60700,0.021185,-0.006823,0.024585
3.60800,0.002891,-0.004394,0.006291
3.60900,-0.001480,-0.015403,-0.000347
3.61000,-0.067858,-0.003585,-0.001318
3.61100,-0.069153,0.002567,-0.000185
3.61200,0.038346,0.000463,0.004348
3.61300,0.003700,-0.000185,-0.008442
3.61400,-0.001480,-0.001156,-0.009737
3.61500,0.036889,0.000624,0.000301
3.61600,0.033489,0.001434,-0.004071
3.61700,0.024909,0.007100,0.000948
3.61800,0.027661,-0.005690,-0.001804
3.61900,0.023776,-0.009575,-0.007309
3.62000,-0.017832,0.007262,-0.000023
3.62100,-0.000023,0.006615,-0.005528
3.62200,0.010986,-0.001804,-0.003261
3.62300,-0.000185,0.004348,-0.003261
3.62400,-0.002290,0.000463,-0.003423
3.62500,0.007748,0.005158,-0.003423
3.62600,-0.000671,0.003215,-0.003423
3.62700,-0.000509,-0.003423,-0.012975
3.62800,-0.001642,-0.005204,0.002567
3.62900,-0.026736,-0.004556,-0.003585
3.63000,-0.009251,0.003215,-0.001318
3.63100,0.004024,-0.003261,-0.001642
3.63200,-0.010061,-0.003261,0.005481
3.63300,-0.019936,0.012281,0.000301
3.63400,-0.002775,-0.005528,-0.012651
3.63500,-0.000833,-0.010385,-0.004718
3.63600,-0.008118,0.002891,0.004024
3.63700,-0.001642,-0.000347,0.013738
3.63800,0.002729,-0.001156,-0.002452
3.63900,-0.037259,-0.003747,-0.010385
3.64000,-0.051830,0.007424,0.002405
3.64100,0.005967,-0.002452,0.001758
3.64200,0.070240,-0.001318,0.006615
3.64300,0.113790,0.001596,-0.006337
3.64400,0.072992,0.000463,-0.004394
3.64500,0.043527,0.001110,-0.011680
3.64600,-0.067858,0.002567,-0.001804
3.64700,-0.129217,0.002243,-0.001480
3.64800,-0.015403,0.010500,-0.001156
3.64900,0.011795,0.001434,0.004348
3.65000,0.008719,0.004348,-0.003585
3.65100,0.028147,-0.001318,0.003539
3.65200,0.027985,-0.005528,-0.001966
3.65300,0.029442,0.002729,0.002567
3.65400,0.038346,-0.003261,-0.014594
3.65500,0.005643,-0.003909,0.001434
3.65600,-0.030136,-0.004718,-0.007794
3.65700,-0.029488,-0.000509,-0.004880
3.65800,-0.016051,0.006776,-0.002452
3.65900,-0.007632,0.004024,0.000624
3.66000,0.002567,-0.001804,-0.002128
3.66100,0.029442,0.000786,0.008557
3.66200,0.043203,0.012119,-0.001156
3.66300,0.041746,0.000301,-0.002128
3.66400,0.025556,-0.009413,-0.008118
3.66500,0.049193,0.003053,-0.008927
3.66600,0.032356,0.003539,-0.016213
3.66700,-0.059601,0.004348,-0.000023
3.66800,-0.112380,0.001920,-0.002614
3.66900,-0.092628,0.003539,-0.005042
3.67000,-0.061382,0.003377,-0.018318
3.67100,-0.098133,-0.000509,0.000139
3.67200,-0.069153,-0.001642,-0.001318
3.67300,0.073802,-0.000833,-0.011518
3.67400,0.059555,-0.003423,-0.013784
3.67500,-0.024470,-0.000671,-0.012004
3.67600,-0.078381,-0.010870,-0.009899
3.67700,-0.049402,-0.016537,0.001920
3.67800,0.018595,-0.018803,0.009529
3.67900,-0.007794,-0.026412,0.010662
3.68000,0.003862,-0.021394,-0.000347
3.68100,0.037861,0.017947,-0.000185
3.68200,0.106343,0.034947,-0.004394
3.68300,0.048222,0.008234,-0.007632
3.68400,-0.096837,0.023290,-0.007632
3.68500,-0.053611,0.013090,-0.013784
3.68600,0.027337,0.010014,0.001272
3.68700,0.019243,0.014062,0.000301
3.68800,0.023614,-0.002937,0.004024
3.68900,0.062631,-0.001480,-0.009089
3.69000,0.069431,-0.000995,0.001920
3.69100,0.080763,0.000301,0.001272
3.69200,0.022804,-0.005851,0.005319
3.69300,-0.062192,0.001434,0.000139
3.69400,-0.055716,-0.002290,-0.013461
3.69500,0.074287,0.002729,-0.010546
3.69600,0.027985,-0.001966,0.001272
3.69700,0.044013,-0.005366,-0.001804
3.69800,0.095658,0.008072,-0.001642
3.69900,0.066678,0.004672,-0.003099
3.70000,0.093067,0.013900,0.006291
3.70100,0.061659,0.000786,-0.000833
3.70200,0.033489,-0.003261,-0.013461
3.70300,-0.069963,0.002081,-0.014108
3.70400,-0.036612,-0.010385,0.002567
3.70500,0.005805,-0.015241,-0.009899
3.70600,0.015357,-0.000671,-0.010708
3.70700,0.024747,-0.005204,-0.015403
3.70800,-0.007956,-0.005042,-0.016051
3.70900,0.021833,-0.002937,-0.015080
3.71000,0.047898,-0.002290,-0.017346
3.71100,0.029442,0.001758,0.006615
3.71200,-0.081295,0.007262,-0.001966
3.71300,-0.127760,0.003377,0.007424
3.71400,-0.008280,-0.003909,0.002081
3.71500,-0.034669,-0.002775,-0.002452
3.71600,-0.026250,-0.008118,-0.010061
3.71700,0.073478,-0.015403,0.007262
3.71800,-0.038393,-0.001966,0.002081
3.71900,0.001434,-0.008118,-0.011032
3.72000,-0.008442,0.001434,-0.001966
3.72100,-0.010870,-0.008118,-0.015565
3.72200,-0.102990,-0.008766,-0.011680
3.72300,-0.244164,-0.008604,-0.007632
3.72400,-0.154311,-0.005366,-0.008280
3.72500,-0.031593,-0.000023,-0.010223
3.72600,0.027499,-0.000509,-0.001156
3.72700,0.015681,-0.012975,-0.010061
3.72800,-0.004233,-0.006499,-0.002614
3.72900,0.065059,-0.011356,-0.009251
3.73000,0.139532,-0.006499,-0.017832
3.73100,0.095658,-0.005690,-0.008927
3.73200,0.027175,-0.002614,-0.008442
3.73300,-0.020908,-0.017022,-0.013946
3.73400,0.120266,-0.013784,-0.006337
3.73500,-0.066563,-0.008118,0.004024
3.73600,-0.115779,-0.012813,-0.000995
3.73700,0.038994,-0.010061,0.022157
3.73800,-0.007147,0.000139,-0.008442
3.73900,-0.018641,0.002729,0.013090
3.74000,-0.146864,0.006615,0.016328
3.74100,-0.080000,-0.001480,0.025071
3.74200,0.078173,-0.005366,0.028633
3.74300,0.122047,-0.006823,0.015357
3.74400,0.086753,-0.001642,-0.004556
3.74500,0.175797,-0.006499,-0.004718
3.74600,0.138237,0.000948,-0.013299
3.74700,-0.030298,-0.004071,-0.009737
3.74800,-0.047135,0.002567,-0.005528
3.74900,0.004996,0.002081,0.006129
3.75000,0.003053,0.002729,0.002405
3.75100,-0.162082,0.004834,0.007100
3.75200,-0.150911,0.001596,0.001110
3.75300,-0.014594,-0.011194,-0.009575
3.75400,0.033651,-0.001156,-0.000509
3.75500,0.039642,-0.005690,-0.005690
3.75600,0.010176,-0.000509,-0.000995
3.75700,0.030899,-0.005690,0.000786
3.75800,0.071049,0.001110,-0.002290
3.75900,0.162845,-0.000833,-0.002290
3.76000,0.093715,-0.004880,-0.009089
3.76100,-0.111570,0.005319,-0.008118
3.76200,-0.080000,0.007100,-0.013299
3.76300,0.012281,0.006291,-0.020260
3.76400,0.026042,-0.000185,-0.034022
3.76500,0.071859,-0.003261,-0.046973
3.76600,0.203805,0.004186,-0.028355
3.76700,0.249622,0.004996,-0.023498
3.76800,0.123990,0.006291,-0.018965
3.76900,0.017947,0.018109,-0.003909
3.77000,-0.021717,0.012929,0.036727
3.77100,-0.029974,0.012443,0.039318
3.77200,-0.058792,0.014224,0.024585
3.77300,-0.100399,0.012929,0.018109
3.77400,-0.203527,0.010176,0.010338
3.77500,-0.007309,0.019081,0.003539
3.77600,-0.070772,0.016814,0.002729
3.77700,-0.345025,-0.006823,-0.012813
3.77800,-0.152854,-0.006337,-0.017832
3.77900,-0.063163,0.005319,-0.011356
3.78000,-0.106066,0.003215,-0.002452
3.78100,-0.101532,-0.007147,-0.006661
3.78200,0.068297,-0.006985,-0.022689
3.78300,-0.030622,-0.014918,0.007910
3.78400,0.029604,-0.008927,0.012767
3.78500,0.091287,-0.001966,0.011471
3.78600,-0.011194,-0.002937,0.009043
3.78700,0.072021,-0.001480,0.015681
3.78800,-0.002775,-0.007632,0.011471
3.78900,-0.017994,-0.003585,0.038023
3.79000,-0.027222,0.002243,0.032194
3.79100,0.015681,0.004024,0.021185
3.79200,0.087725,0.007424,0.004024
3.79300,0.104238,-0.000833,-0.013623
3.79400,0.005643,0.006129,-0.016699
3.79500,0.026690,0.004834,0.008881
3.79600,0.109905,0.004672,0.038670
3.79700,-0.030784,-0.006661,0.029442
3.79800,-0.103799,-0.002937,0.001272
3.79900,-0.155282,0.001758,-0.008927
3.80000,-0.052478,-0.001480,-0.002937
3.80100,0.011633,-0.007147,0.001434
3.80200,-0.090200,0.000301,0.009853
3.80300,-0.143626,0.002243,0.024909
3.80400,-0.122579,0.002567,0.029442
3.80500,0.096305,0.007748,0.029280
3.80600,0.200891,0.004024,0.003377
3.80700,0.134351,0.004834,0.017947
3.80800,0.124637,0.009205,0.006291
3.80900,-0.110437,0.007586,0.008719
3.81000,-0.275086,0.003377,0.023614
3.81100,-0.012327,-0.008280,0.014224
3.81200,0.103105,-0.006337,0.005967
3.81300,0.163978,0.008719,-0.013784
3.81400,0.040451,0.003377,-0.000671
3.81500,-0.048430,0.004672,-0.004556
3.81600,0.160740,-0.003261,-0.009413
3.81700,0.064088,0.003539,-0.000833
3.81800,-0.038393,0.006776,-0.017184
3.81900,0.161388,-0.003747,0.006615
3.82000,0.113628,-0.010223,0.021347
3.82100,-0.153501,-0.008118,0.014548
3.82200,-0.053125,-0.009575,0.016490
3.82300,0.010176,-0.000995,0.013738
3.82400,-0.061382,-0.003099,0.012929
3.82500,-0.101856,-0.012004,0.021509
3.82600,-0.000185,-0.007309,0.016814
3.82700,0.001920,-0.003423,0.006776
3.82800,-0.010708,-0.003909,-0.011194
3.82900,-0.000185,-0.006337,-0.029165
3.83000,0.030413,-0.009413,-0.012813
3.83100,0.179682,-0.002775,0.005319
3.83200,0.113628,0.000786,-0.005851
3.83300,-0.095542,-0.000671,0.006291
3.83400,-0.045678,-0.005690,-0.000185
3.83500,-0.029165,-0.001480,0.006776
3.83600,-0.017346,0.008395,-0.007309
3.83700,0.135484,0.008395,-0.005851
3.83800,0.034461,-0.017832,-0.000671
3.83900,-0.020422,-0.007470,-0.001156
3.84000,-0.034022,-0.001318,0.021185
3.84100,-0.014594,-0.008442,0.033489
3.84200,0.050003,-0.009575,0.019081
3.84300,0.078173,-0.003909,0.023614
3.84400,0.022319,-0.004394,0.014548
3.84500,-0.107199,-0.013137,0.010662
3.84600,-0.085019,-0.007794,0.013576
3.84700,0.033975,-0.006499,-0.003423
3.84800,0.042232,-0.012165,0.002891
3.84900,-0.048754,-0.002290,0.006129
3.85000,-0.038231,-0.002128,-0.026736
3.85100,0.013900,0.004996,-0.014108
3.85200,-0.029003,0.008072,-0.007956
3.85300,-0.042116,-0.001318,-0.015727
3.85400,-0.030945,0.007262,-0.017346
3.85500,-0.020098,0.016005,-0.009575
3.85600,-0.028841,0.012281,-0.037907
3.85700,-0.033212,0.016328,-0.036612
3.85800,0.004186,0.005967,-0.026898
3.85900,-0.016860,0.005967,-0.021232
3.86000,0.015519,0.008557,0.018757
3.86100,0.078011,-0.010061,0.047898
3.86200,0.073802,0.006776,0.034785
3.86300,0.013738,-0.003423,0.012767
3.86400,0.015519,-0.013299,0.007262
3.86500,-0.000023,0.002729,-0.022527
3.86600,0.006453,0.010014,-0.030784
3.86700,0.007262,0.014386,-0.028193
3.86800,0.020214,0.006615,0.001110
3.86900,0.134027,-0.005528,-0.011842
3.87000,0.028956,-0.000023,0.003862
3.87100,-0.072067,0.015357,0.010824
3.87200,-0.186204,0.004510,0.005805
3.87300,-0.166129,0.002081,0.009529
3.87400,0.117514,-0.016213,0.011310
3.87500,0.170454,-0.021555,0.007586
3.87600,0.142122,-0.019775,-0.001480
3.87700,0.167054,-0.017994,-0.013299
3.87800,0.102781,-0.011194,-0.033536
3.87900,0.003862,-0.016051,-0.031431
3.88000,-0.057658,0.003377,-0.035640
3.88100,-0.159491,0.007424,-0.022527
3.88200,-0.202718,0.025233,-0.032726
3.88300,-0.069477,0.012119,-0.021555
3.88400,-0.096028,0.003862,0.009205
3.88500,-0.127598,0.012443,0.026528
3.88600,-0.013946,0.012929,0.020214
3.88700,-0.043735,0.003700,0.018757
3.88800,-0.040659,0.013738,0.034947
3.88900,-0.050535,0.010986,-0.000509
3.89000,-0.082591,0.012929,-0.016699
3.89100,-0.103475,0.004996,-0.067534
3.89200,0.094848,0.005481,-0.069477
3.89300,0.147789,0.014871,-0.053449
3.89400,-0.037907,0.011633,-0.059925
3.89500,0.051784,0.013252,-0.026250
3.89600,0.036242,0.007100,0.008234
3.89700,0.048546,0.014386,-0.001156
3.89800,0.024261,0.002405,-0.000833
3.89900,0.033328,0.006776,-0.020584
3.90000,0.029442,0.005319,-0.048916
3.90100,0.033004,-0.001318,-0.044221
3.90200,0.012605,0.010338,-0.020584
3.90300,0.020862,0.000624,0.006615
3.90400,0.011310,0.007100,0.020700
3.90500,-0.022365,0.005967,0.002729
3.90600,0.027014,0.000463,-0.021070
3.90700,-0.041954,-0.003585,-0.039364
3.90800,0.043689,-0.002937,-0.053449
3.90900,-0.030622,-0.004233,-0.040174
3.91000,-0.018641,-0.000671,-0.008118
3.91100,0.007910,-0.003261,-0.015727
3.91200,-0.026412,-0.008927,-0.026574
3.91300,-0.016537,-0.000833,-0.020260
3.91400,-0.037745,-0.009737,0.005967
3.91500,-0.005042,-0.003909,0.036404
3.91600,-0.027384,-0.001318,0.047251
3.91700,-0.017994,-0.012165,0.039642
3.91800,-0.025765,-0.010385,-0.002775
3.91900,-0.021879,-0.002614,-0.040497
3.92000,-0.028355,0.019728,-0.022527
3.92100,0.010176,0.018109,0.005805
3.92200,-0.040335,0.016005,0.033975
3.92300,-0.015241,0.011633,0.050812
3.92400,0.009205,0.015357,0.034947
3.92500,-0.018965,0.021023,0.021023
3.92600,0.007100,0.011148,0.006615
3.92700,-0.033050,0.005481,0.001758
3.92800,-0.007147,0.021023,-0.010546
3.92900,-0.011842,0.016976,0.002567
3.93000,-0.012327,0.009205,-0.020260
3.93100,-0.022527,0.005481,-0.012004
3.93200,-0.021555,0.006453,-0.000023
3.93300,-0.006823,0.004024,0.000948
3.93400,-0.014432,0.000301,0.012443
3.93500,-0.018156,0.001434,0.000786
3.93600,-0.000347,0.008881,-0.012975
3.93700,-0.015403,0.004834,0.007262
3.93800,-0.000023,0.002729,0.001272
3.93900,-0.014432,-0.000023,0.020214
3.94000,-0.002775,-0.031107,0.037861
3.94100,-0.004071,-0.040174,0.051460
3.94200,-0.015080,0.008395,0.013252
3.94300,0.006453,-0.001318,0.005967
3.94400,0.002729,-0.006985,-0.016213
3.94500,0.009367,0.002405,-0.015403
3.94600,-0.005851,-0.011194,-0.009251
3.94700,-0.017670,-0.006337,0.008072
3.94800,-0.008280,-0.007147,0.006129
3.94900,-0.016537,-0.013137,0.010986
3.95000,-0.031107,0.004348,0.036080
3.95100,-0.015080,-0.007470,0.045470
3.95200,-0.010385,-0.005690,0.002567
3.95300,-0.002614,0.009691,-0.026898
3.95400,0.005319,-0.002290,-0.013784
3.95500,0.010986,-0.005204,-0.006499
3.95600,0.015843,-0.016860,-0.003585
3.95700,-0.002614,-0.011032,0.006453
3.95800,-0.020584,-0.013137,-0.006985
3.95900,-0.027060,-0.003423,0.007262
3.96000,-0.011842,-0.004233,0.023128
3.96100,-0.012813,-0.003099,0.021671
3.96200,-0.009413,0.020862,-0.006823
3.96300,0.007748,0.036242,-0.002937
3.96400,0.008881,0.038346,-0.000833
3.96500,0.008557,0.023938,-0.000509
3.96600,0.007100,-0.043573,-0.009089
3.96700,0.004672,-0.061544,-0.012651
3.96800,-0.031593,-0.023498,-0.013137
3.96900,-0.030784,-0.000023,-0.006499
3.97000,-0.009575,-0.014432,-0.005528
3.97100,0.006938,0.001758,-0.006823
3.97200,-0.005690,0.010176,-0.011518
3.97300,-0.016860,0.007910,-0.006013
3.97400,-0.001966,0.012929,-0.007632
3.97500,-0.025603,0.020538,-0.000185
3.97600,-0.029326,0.004672,0.011148
3.97700,-0.002452,-0.022041,0.012605
3.97800,0.001434,-0.023984,0.006453
3.97900,0.027175,-0.011356,0.004834
3.98000,0.013576,-0.021394,0.003862
3.98100,0.006776,-0.012975,0.002729
3.98200,0.011310,0.019081,0.002891
3.98300,-0.007794,0.010986,-0.012651
3.98400,0.004672,0.009205,-0.031917
3.98500,0.001110,0.008719,-0.010708
3.98600,-0.003099,-0.018479,-0.017994
3.98700,-0.000347,-0.033698,-0.023984
3.98800,-0.000671,-0.011842,-0.002128
3.98900,0.003215,0.012929,-0.004880
3.99000,0.004024,0.059717,-0.016051
3.99100,0.001596,0.054536,-0.009089
3.99200,0.004348,0.013090,-0.009413
3.99300,0.010986,-0.057497,0.001110
3.99400,-0.030136,-0.094247,-0.010708
3.99500,-0.000833,-0.078705,-0.012489
3.99600,-0.004233,-0.053287,-0.004880
3.99700,0.000624,-0.017508,-0.010385
3.99800,0.015195,0.021023,-0.026898
3.99900,-0.005690,0.006129,-0.019613
4.00000,0.016166,0.017462,-0.009413
4.00100,0.006129,0.011957,0.008557
4.00200,0.016166,-0.020908,-0.004394
4.00300,0.006291,-0.003261,-0.000995
4.00400,0.022642,-0.013137,0.008072
4.00500,0.013090,0.016652,-0.001804
4.00600,0.013900,0.012443,-0.008927
4.00700,0.012605,0.015681,0.013414
4.00800,0.018271,0.005967,0.003539
4.00900,0.010014,-0.008118,0.001596
4.01000,-0.003099,-0.000023,0.013576
4.01100,0.010176,0.012605,0.024909
4.01200,0.005805,0.012929,0.021671
4.01300,0.008557,-0.004880,0.004348
4.01400,0.026528,-0.015403,-0.011356
4.01500,0.014871,-0.011518,-0.012975
4.01600,0.024423,-0.013623,-0.014432
4.01700,0.011471,-0.004394,0.002891
4.01800,0.007100,0.008234,0.010986
4.01900,0.008881,0.004996,-0.000347
4.02000,0.002567,-0.025441,-0.011680
4.02100,0.023290,-0.042440,-0.009575
4.02200,0.014871,0.003539,-0.025117
4.02300,0.009043,0.039318,-0.004071
4.02400,-0.001480,-0.001318,-0.016051
4.02500,0.002891,-0.020260,-0.007956
4.02600,-0.000995,-0.066725,0.005643
4.02700,-0.005851,-0.133588,0.004024
4.02800,0.014062,-0.124036,0.003539
4.02900,0.024585,-0.092142,0.004024
4.03000,-0.000509,-0.004718,0.003539
4.03100,0.002081,0.173368,0.003539
4.03200,0.005967,0.194577,0.015357
4.03300,0.003862,0.029766,0.007100
4.03400,0.011795,0.103915,0.000139
4.03500,0.004510,0.068297,0.016166
4.03600,-0.021232,-0.002452,0.013090
4.03700,-0.001642,0.004834,0.022642
4.03800,0.013252,-0.050211,0.019404
4.03900,0.001596,-0.047621,0.006453
4.04000,0.032032,-0.129379,0.005481
4.04100,0.020376,-0.135207,0.015519
4.04200,0.016328,-0.114808,0.006291
4.04300,0.005481,0.031709,0.003377
4.04400,-0.000995,0.036404,-0.003747
4.04500,-0.015241,0.015681,-0.003261
4.04600,-0.009899,0.207205,0.012767
4.04700,0.010500,0.071697,0.010662
4.04800,0.023776,-0.025279,0.005158
4.04900,0.020052,-0.093600,0.010824
4.05000,-0.017508,-0.192842,0.010176
4.05100,-0.013946,-0.125169,0.010662
4.05200,-0.022689,-0.128407,0.002243
4.05300,0.020538,0.003862,0.001920
4.05400,0.001272,0.267268,0.008557
4.05500,0.013738,0.144227,0.012443
4.05600,-0.015241,-0.066563,0.005643
4.05700,-0.034022,0.094525,0.001272
4.05800,-0.021394,0.089020,0.023452
4.05900,-0.032564,0.111200,-0.002452
4.06000,0.013414,-0.003909,0.010824
4.06100,0.014871,0.003215,0.019890
4.06200,0.014548,0.028147,0.020862
4.06300,0.008719,0.093715,0.014224
4.06400,0.010500,0.149731,0.007748
4.06500,-0.005851,0.034299,-0.009413
4.06600,-0.007470,-0.047297,0.016328
4.06700,-0.021555,-0.121284,0.012281
4.06800,-0.029650,0.045146,0.004834
4.06900,0.001596,0.031223,-0.000023
4.07000,-0.006337,-0.027546,0.005967
4.07100,0.014548,0.009205,0.004672
4.07200,-0.009413,0.040937,0.013900
4.07300,-0.007794,0.113628,0.008234
4.07400,0.003377,0.034299,0.012281
4.07500,-0.004233,-0.039040,0.009043
4.07600,-0.033698,-0.119503,0.013090
4.07700,-0.008927,-0.135045,0.008395
4.07800,-0.005690,-0.057820,0.003539
4.07900,-0.034022,-0.043573,-0.002775
4.08000,0.012767,0.123990,0.003053
4.08100,-0.012813,-0.020422,-0.002290
4.08200,0.012443,-0.214374,0.008234
4.08300,0.001920,-0.057820,-0.011518
4.08400,-0.012975,-0.070772,0.006129
4.08500,0.006776,0.190691,0.000139
4.08600,-0.014270,0.204290,0.013090
4.08700,-0.003423,-0.161272,0.003700
4.08800,-0.006337,-0.189604,0.004348
4.08900,-0.001318,-0.146378,0.001758
4.09000,0.007586,-0.063001,0.002891
4.09100,-0.005851,0.087887,-0.004394
4.09200,-0.006013,0.197815,0.022319
4.09300,-0.012327,0.012605,-0.008766
4.09400,-0.007147,-0.125493,-0.014594
4.09500,0.005319,-0.107523,-0.011032
4.09600,-0.009089,0.085782,-0.006013
4.09700,-0.009899,0.264030,0.003053
4.09800,-0.023498,0.121561,-0.003585
4.09900,0.000786,0.090153,-0.004394
4.10000,0.002243,-0.089876,-0.000995
4.10100,-0.010708,-0.060087,-0.002128
4.10200,0.009367,-0.019289,0.001434
4.10300,-0.009575,0.055184,-0.000671
4.10400,-0.000347,0.073316,-0.006499
4.10500,-0.003909,-0.045192,-0.009413
4.10600,-0.010223,0.041584,-0.005851
4.10700,0.018919,0.006776,0.005481
4.10800,-0.006175,0.074287,-0.004556
4.10900,-0.004071,0.057126,0.005805
4.11000,0.005319,0.082058,-0.005528
4.11100,-0.003261,0.031385,-0.008118
4.11200,-0.001642,-0.008927,0.002891
4.11300,-0.002937,-0.069801,-0.003585
4.11400,0.004672,-0.105094,-0.009251
4.11500,0.005643,-0.034993,-0.005366
4.11600,-0.009251,-0.006985,-0.001480
4.11700,-0.031917,0.085135,-0.003261
4.11800,0.004834,0.036565,-0.001966
4.11900,-0.008766,-0.152368,0.001596
4.12000,-0.001966,-0.024470,-0.005366
4.12100,0.002081,0.114923,-0.001480
4.12200,-0.000023,-0.041145,0.001110
4.12300,-0.017832,0.064088,0.001920
4.12400,-0.011194,0.061012,0.001110
4.12500,-0.009089,0.045146,-0.014270
4.12600,0.005805,-0.005204,-0.002614
4.12700,0.008881,-0.128245,-0.001480
4.12800,0.001110,-0.146216,0.002567
4.12900,0.000301,-0.214536,0.001596
4.13000,-0.000671,-0.094247,-0.008118
4.13100,-0.003423,0.167540,-0.014270
4.13200,0.000948,0.032842,0.010662
4.13300,0.005481,-0.197861,-0.010546
4.13400,-0.009899,-0.071096,0.004834
4.13500,-0.002614,-0.100399,0.002243
4.13600,-0.014432,-0.083076,-0.000185
4.13700,0.000624,0.016814,0.000624
4.13800,0.008072,-0.009575,-0.008442
4.13900,0.005319,0.152807,0.003053
4.14000,-0.010385,0.082058,0.006776
4.14100,0.002405,-0.144759,0.016490
4.14200,0.018595,-0.122417,0.016814
4.14300,0.022804,-0.021879,0.014871
4.14400,0.023938,0.118647,0.001434
4.14500,0.012443,0.063764,0.009205
4.14600,-0.001642,0.211090,-0.009737
4.14700,-0.000023,0.111038,-0.008604
4.14800,-0.019775,-0.172119,-0.013461
4.14900,-0.023984,-0.041954,-0.004071
4.15000,0.006776,-0.065591,-0.000023
4.15100,0.000139,0.170778,0.005319
4.15200,-0.006013,0.112009,0.007586
4.15300,-0.007147,-0.078381,0.020862
4.15400,0.001272,-0.058792,0.000463
4.15500,-0.026250,0.183244,-0.016699
4.15600,-0.021879,0.252212,-0.025117
4.15700,0.010986,-0.010708,-0.009737
4.15800,0.007910,0.005643,-0.010546
4.15900,0.015195,-0.068991,-0.003585
4.16000,0.032518,0.031385,-0.002452
4.16100,0.013900,0.147950,-0.005528
4.16200,0.007910,-0.032888,0.014062
4.16300,-0.006661,-0.017994,0.001272
4.16400,-0.007147,0.050812,-0.002290
4.16500,0.002567,0.017947,0.008719
4.16600,0.015681,0.012605,-0.001156
4.16700,0.021833,0.036242,0.005805
4.16800,0.006938,0.008557,-0.002290
4.16900,-0.003099,-0.037907,0.012443
4.17000,-0.010223,0.010986,-0.001966
4.17100,0.002729,-0.015403,0.011633
4.17200,0.002891,-0.054097,0.009205
4.17300,-0.017832,-0.035802,-0.006175
4.17400,-0.004556,0.011633,0.003377
4.17500,0.005805,0.046117,0.013414
4.17600,-0.013299,0.033651,0.004024
4.17700,-0.013623,0.021347,-0.000671
4.17800,-0.011194,-0.078543,0.002405
4.17900,-0.004071,-0.176005,-0.006823
4.18000,0.003700,-0.161272,-0.000509
4.18100,0.021509,-0.022041,-0.003099
4.18200,0.028794,0.029766,-0.005204
4.18300,0.019404,-0.125979,0.000301
4.18400,0.003215,0.002567,0.009691
4.18500,-0.023984,0.255126,-0.001318
4.18600,-0.009737,-0.027869,0.014709
4.18700,0.007424,-0.058306,0.010338
4.18800,-0.001804,0.032194,0.012119
4.18900,-0.002937,-0.071582,0.004024
4.19000,-0.004880,-0.049402,0.000301
4.19100,0.009529,-0.272981,-0.012813
4.19200,0.013090,-0.297751,-0.024793
4.19300,0.010824,-0.133750,-0.029650
4.19400,0.004996,-0.042602,-0.029488
4.19500,0.011148,0.029766,-0.008766
4.19600,0.007586,0.037861,-0.007794
4.19700,0.006938,-0.181348,0.002891
4.19800,-0.013299,-0.102828,0.024099
4.19900,-0.020422,0.267916,0.037051
4.20000,0.011310,0.346112,-0.002937
4.20100,0.013576,0.053888,-0.021070
4.20200,0.018757,-0.149778,-0.013623
4.20300,-0.007632,-0.202880,0.001920
4.20400,-0.043735,-0.164025,0.011957
4.20500,-0.050697,0.017947,0.023452
4.20600,-0.005690,0.163007,0.036404
4.20700,0.026528,0.411033,0.038994
4.20800,0.017138,0.219185,0.044175
4.20900,0.029280,0.232299,0.011471
4.21000,0.020538,0.154103,0.004996
4.21100,0.013252,-0.011194,0.040127
4.21200,0.008557,0.019404,0.026690
4.21300,0.013252,-0.061544,0.029604
4.21400,0.012767,0.017462,0.013576
4.21500,-0.005042,-0.065753,-0.010385
4.21600,-0.001480,-0.038555,-0.017670
4.21700,0.003377,-0.102018,-0.008118
4.21800,-0.034345,-0.186366,-0.005690
4.21900,-0.047945,-0.061058,-0.017184
4.22000,-0.041631,0.176768,-0.015080
4.22100,-0.019127,0.158636,-0.004233
4.22200,0.014709,0.120590,0.000463
4.22300,0.028309,0.115571,0.002567
4.22400,0.031547,-0.016860,-0.005528
4.22500,-0.002775,0.012119,0.000948
4.22600,-0.005042,-0.159168,-0.001318
4.22700,-0.002937,-0.320255,0.003053
4.22800,0.003053,-0.474057,0.011795
4.22900,0.006615,-0.413022,-0.011842
4.23000,-0.004556,-0.326083,0.003700
4.23100,0.001596,-0.374005,0.001596
4.23200,-0.012327,0.380758,0.000948
4.23300,-0.008442,0.485829,-0.000509
4.23400,0.011148,0.169159,-0.003909
4.23500,0.014548,0.214814,-0.002775
4.23600,-0.010870,-0.181024,0.009691
4.23700,-0.039040,-0.334988,0.008557
4.23800,-0.028355,-0.143626,0.016814
4.23900,-0.022041,0.365378,0.001272
4.24000,-0.006823,0.525979,-0.000509
4.24100,0.004348,0.044984,0.005319
4.24200,0.015357,0.044660,0.011795
4.24300,0.041260,0.139694,0.002405
4.24400,0.019081,-0.145406,-0.000185
4.24500,-0.014270,-0.192357,-0.003261
4.24600,-0.014918,-0.271038,-0.001318
4.24700,-0.039364,-0.082105,-0.003909
4.24800,-0.063649,0.456202,0.001434
4.24900,-0.004394,0.254802,0.001272
4.25000,0.028794,0.111847,-0.001480
4.25100,0.017462,0.092906,-0.004880
4.25200,0.019566,-0.138931,-0.002937
4.25300,0.010986,-0.136826,0.003215
4.25400,0.010176,-0.187985,0.003053
4.25500,-0.013137,0.079954,0.007424
4.25600,0.011633,0.080278,0.007262
4.25700,0.005805,0.122695,-0.004233
4.25800,-0.015889,0.020538,0.007262
4.25900,-0.019613,0.014224,-0.005690
4.26000,-0.011194,0.114276,0.010176
4.26100,-0.004556,-0.021555,0.006453
4.26200,-0.008604,-0.091819,0.013900
4.26300,-0.017346,-0.212756,0.002243
4.26400,-0.008604,-0.075305,0.025880
4.26500,0.008881,0.054698,-0.011194
4.26600,0.008881,0.126742,0.002243
4.26700,0.024423,0.094363,0.003539
4.26800,0.040451,0.165921,0.002081
4.26900,0.033004,0.110390,0.003377
4.27000,-0.010061,0.026366,-0.005851
4.27100,-0.029650,-0.067210,-0.013784
4.27200,-0.000509,-0.188957,-0.004394
4.27300,-0.015727,-0.166453,0.000786
4.27400,0.007262,-0.174386,-0.006661
4.27500,0.008395,-0.441516,-0.009251
4.27600,-0.002614,-0.683552,0.003215
4.27700,-0.007632,-0.387928,-0.010385
4.27800,-0.035640,-0.231697,-0.001642
4.27900,-0.045678,0.334779,-0.001156
4.28000,-0.032888,0.647888,-0.012165
4.28100,0.001110,0.252860,0.000301
4.28200,0.019404,0.202348,0.001758
4.28300,-0.000347,0.096305,-0.001642
4.28400,0.012443,0.211576,-0.001318
4.28500,-0.001480,0.094039,-0.002937
4.28600,-0.008280,0.058907,-0.007470
4.28700,0.009205,0.071049,0.004348
4.28800,0.008395,-0.000509,0.009043
4.28900,0.027823,0.009205,0.000463
4.29000,0.014386,0.055345,-0.001642
4.29100,0.011471,-0.035802,-0.005851
4.29200,0.008881,-0.259867,0.022319
4.29300,-0.016375,0.090963,0.023938
4.29400,-0.024146,0.084163,0.044984
4.29500,-0.000833,-0.118208,0.046279
4.29600,0.024585,0.005158,0.005805
4.29700,0.028147,0.047736,-0.017832
4.29800,0.006453,0.072668,-0.039850
4.29900,0.001920,0.061821,-0.034507
4.30000,0.002891,-0.087771,-0.041145
4.30100,-0.017184,-0.033698,-0.027869
4.30200,-0.013623,0.015519,-0.040012
4.30300,-0.005366,-0.046326,-0.000023
4.30400,0.001434,-0.094571,-0.000833
4.30500,-0.007147,-0.154958,-0.015565
4.30600,0.011633,-0.099590,-0.029650
4.30700,-0.003909,-0.015889,-0.034022
4.30800,-0.034669,-0.087933,-0.008927
4.30900,-0.019775,-0.108656,0.027337
4.31000,-0.003099,0.087725,0.038832
4.31100,0.035108,0.144389,-0.039688
4.31200,0.045146,0.136941,-0.104932
4.31300,0.044660,0.002081,-0.099428
4.31400,0.023938,-0.082752,-0.066401
4.31500,0.011148,-0.109951,-0.032403
4.31600,-0.015403,-0.075143,0.027499
4.31700,-0.011842,-0.031755,0.114276
4.31800,-0.027060,0.057288,0.095334
4.31900,-0.022365,0.072021,0.050165
4.32000,-0.009413,-0.012975,-0.003585
4.32100,-0.029974,-0.020908,-0.079191
4.32200,0.000463,-0.118370,-0.076438
4.32300,-0.007956,-0.123874,-0.022203
4.32400,-0.018156,0.047898,0.034623
4.32500,-0.023174,0.203805,0.052108
4.32600,0.008234,0.038184,0.075744
4.32700,0.005158,0.046441,0.101000
4.32800,-0.009899,-0.016699,0.105210
4.32900,-0.014270,-0.030945,0.089506
4.33000,-0.022689,0.041746,0.053888
4.33100,-0.005042,-0.011518,0.038670
4.33200,-0.008927,0.033489,-0.012004
4.33300,0.004996,-0.055392,-0.049078
4.33400,0.001596,-0.001480,-0.036288
4.33500,-0.006175,0.004186,-0.009413
4.33600,-0.017346,0.034137,-0.004394
4.33700,-0.006013,0.023128,-0.002290
4.33800,-0.005528,0.008881,0.003377
4.33900,-0.001318,0.040127,0.005967
4.34000,0.029280,0.019566,-0.005690
4.34100,0.021671,-0.040497,0.009205
4.34200,0.016166,-0.083238,-0.008604
4.34300,-0.031431,-0.070610,-0.013299
4.34400,-0.036936,0.012929,-0.006823
4.34500,-0.012327,0.037051,-0.006985
4.34600,0.013576,-0.018965,-0.005204
4.34700,0.039803,0.068945,0.001272
4.34800,0.027823,0.034299,-0.005366
4.34900,0.025556,-0.017994,0.004348
4.35000,0.009043,-0.033536,0.007262
4.35100,0.004024,-0.045516,0.010176
4.35200,-0.016860,-0.057497,-0.002937
4.35300,-0.028355,-0.017508,-0.004880
4.35400,-0.023174,0.035918,-0.001480
4.35500,-0.000671,0.001758,-0.003909
4.35600,0.014709,0.005967,0.005805
4.35700,-0.002937,0.001110,0.019081
4.35800,-0.013623,-0.005366,-0.006823
4.35900,-0.026574,0.001920,0.008557
4.36000,0.008395,-0.027384,-0.005204
4.36100,0.010986,-0.012165,0.000301
4.36200,0.004024,0.016652,-0.006175
4.36300,0.008395,0.005967,-0.001804
4.36400,-0.004233,-0.017994,-0.021879
4.36500,0.005158,-0.012004,-0.006661
4.36600,0.011310,0.017462,-0.005366
4.36700,0.004510,0.009853,-0.007794
4.36800,-0.000185,0.004996,-0.020098
4.36900,0.000948,0.000624,-0.009251
4.37000,0.000463,-0.001156,-0.006823
4.37100,0.002081,0.013414,-0.007794
4.37200,-0.010546,0.026204,-0.005366
4.37300,-0.005690,0.018109,-0.000023
4.37400,-0.000347,0.007262,0.013738
4.37500,-0.003423,0.005805,0.001272
4.37600,0.008557,-0.032241,0.007424
4.37700,-0.018156,-0.008118,-0.011680
4.37800,-0.001642,0.027661,-0.008442
4.37900,0.010662,0.008234,-0.000671
4.38000,-0.002128,-0.004233,-0.007794
4.38100,-0.022203,-0.002614,0.002891
4.38200,0.000948,0.005805,0.008234
4.38300,0.008072,0.008557,-0.014756
4.38400,0.000139,-0.019127,-0.014108
4.38500,0.001758,-0.019127,-0.015889
4.38600,0.016652,0.007262,-0.009575
4.38700,0.013090,0.005643,-0.003099
4.38800,0.019081,-0.000347,-0.003099
4.38900,0.006615,0.004024,-0.008280
4.39000,0.004186,-0.002128,0.004024
4.39100,0.015681,0.007100,0.003215
4.39200,-0.001480,0.001596,0.001758
4.39300,-0.003747,-0.004880,0.004834
4.39400,0.007424,-0.001642,0.001758
4.39500,-0.001804,0.002567,0.010824
4.39600,-0.000995,-0.004394,0.019890
4.39700,-0.007309,-0.008118,0.014709
4.39800,-0.006175,-0.007147,0.004510
4.39900,-0.004071,-0.004233,0.008881
4.40000,0.001434,0.012281,0.010662
4.40100,-0.003909,0.014386,0.011633
4.40200,0.001920,-0.001966,0.017624
4.40300,-0.009575,0.003700,-0.007632
4.40400,0.001110,0.002405,-0.012004
4.40500,0.003700,-0.000995,0.003700
4.40600,-0.002128,0.001758,0.024423
4.40700,0.012605,0.003053,0.015033
4.40800,0.013900,0.001596,0.021347
4.40900,0.008395,0.001596,0.044660
4.41000,-0.005366,0.006129,0.014386
4.41100,0.005643,0.008072,-0.033212
4.41200,-0.000185,-0.009413,-0.075953
4.41300,0.001272,-0.018803,-0.103961
4.41400,-0.009413,-0.009413,-0.108656
4.41500,-0.012489,0.007262,-0.094085
4.41600,-0.007470,0.005967,-0.056363
4.41700,0.007424,0.005481,0.053403
4.41800,-0.015565,0.012119,0.086915
4.41900,0.010176,-0.000671,0.019404
4.42000,-0.001804,-0.002614,-0.058630
4.42100,0.014386,0.002243,-0.111084
4.42200,0.013090,0.006776,-0.073848
4.42300,-0.005690,-0.003423,-0.111894
4.42400,0.006129,-0.005204,-0.114808
4.42500,-0.004394,0.004996,-0.018479
4.42600,0.006129,0.002081,0.029766
4.42700,-0.013623,-0.003747,0.048546
4.42800,0.011957,0.004024,0.047736
4.42900,-0.001318,-0.006175,-0.029326
4.43000,0.005643,0.009529,-0.083238
4.43100,-0.003909,-0.004394,-0.167910
4.43200,-0.013299,-0.002128,-0.048754
4.43300,0.004996,0.000786,0.025071
4.43400,0.001434,-0.003423,0.084325
4.43500,-0.000509,-0.002452,0.081573
4.43600,-0.013461,0.003215,0.093715
4.43700,0.000301,0.003700,0.125771
4.43800,0.006615,0.004834,0.123828
4.43900,-0.012327,-0.000995,0.103591
4.44000,0.011148,0.007586,0.080278
4.44100,0.022804,0.007424,0.090801
4.44200,0.011957,-0.003909,0.115085
4.44300,0.007424,0.001920,0.078659
4.44400,-0.009413,-0.007794,0.105372
4.44500,0.006291,-0.002290,0.092582
4.44600,-0.001804,-0.000671,0.095496
4.44700,0.002567,-0.015080,0.070240
4.44800,-0.000023,-0.006013,0.055831
4.44900,0.001596,-0.001480,0.021671
4.45000,-0.003909,-0.000671,0.012119
4.45100,-0.002290,-0.007147,-0.012327
4.45200,-0.012004,-0.000671,-0.034345
4.45300,-0.008118,0.004834,-0.036126
4.45400,-0.026250,0.002405,-0.019775
4.45500,-0.036774,0.000948,-0.014108
4.45600,-0.027708,-0.006499,0.005158
4.45700,-0.034183,0.003377,-0.012165
4.45800,-0.046164,-0.001642,-0.014756
4.45900,-0.027222,-0.013946,-0.013946
4.46000,0.033166,-0.006337,-0.010385
4.46100,0.044822,0.001434,-0.019775
4.46200,0.044984,0.000948,-0.008118
4.46300,0.040451,-0.002128,-0.012165
4.46400,0.032194,-0.000023,-0.022365
4.46500,0.061336,0.009205,-0.006499
4.46600,0.120104,0.006776,-0.000833
4.46700,0.010014,0.006453,-0.008927
4.46800,-0.079676,0.001272,0.004024
4.46900,0.058745,-0.011032,-0.009251
4.47000,0.045955,-0.007470,-0.006985
4.47100,0.034461,-0.006823,-0.008280
4.47200,0.131599,0.003862,-0.003099
4.47300,0.063926,0.000301,-0.011680
4.47400,0.063602,-0.000185,-0.013461
4.47500,0.032194,0.014548,-0.013299
4.47600,-0.001966,0.013900,-0.000023
4.47700,-0.059763,0.019404,-0.003585
4.47800,-0.289009,0.014709,-0.006661
4.47900,-0.190252,0.008234,-0.002128
4.48000,0.038832,-0.012165,-0.004071
4.48100,-0.047459,-0.010385,-0.001156
4.48200,0.003215,-0.016699,0.000463
4.48300,-0.038555,-0.013137,-0.011680
4.48400,-0.072715,-0.017670,0.005319
4.48500,0.020538,-0.019775,-0.015889
4.48600,0.014548,-0.009899,-0.003099
4.48700,-0.045678,-0.000671,-0.010546
4.48800,-0.076277,0.020052,-0.000833
4.48900,-0.042440,0.029928,-0.012489
4.49000,-0.226517,0.027661,-0.010385
4.49100,-0.154796,0.007910,-0.013623
4.49200,0.022642,0.005481,-0.002290
4.49300,-0.039526,-0.000833,-0.005851
4.49400,0.042070,-0.004556,-0.000671
4.49500,0.157340,-0.006175,-0.008604
4.49600,0.047898,-0.010708,-0.008766
4.49700,0.016166,-0.005042,-0.014270
4.49800,0.069269,0.000139,-0.010061
4.49900,0.103915,-0.006175,-0.018318
4.50000,0.214814,-0.007956,-0.015565
4.50100,0.133380,0.001434,-0.007956
4.50200,-0.031107,0.031223,-0.007632
4.50300,-0.094733,0.035594,-0.010708
4.50400,-0.074334,0.003215,-0.008442
4.50500,0.094525,-0.001642,-0.000995
4.50600,0.109581,0.005319,-0.004233
4.50700,-0.008118,0.004672,-0.018156
4.50800,-0.023498,-0.003585,-0.013137
4.50900,-0.137474,-0.015403,-0.008280
4.51000,-0.073848,-0.010546,-0.012975
4.51100,0.036404,-0.000509,-0.000509
4.51200,0.013090,0.005967,-0.008604
4.51300,-0.052802,0.001110,-0.009737
4.51400,-0.105742,0.002405,-0.013784
4.51500,-0.077086,0.002729,0.000463
4.51600,-0.001480,-0.002128,-0.014594
4.51700,0.068135,0.002081,-0.001804
4.51800,-0.010708,0.004672,-0.007470
4.51900,-0.125655,0.002567,0.003700
4.52000,-0.162729,-0.005366,-0.009575
4.52100,-0.081295,-0.002614,-0.002937
4.52200,-0.016213,0.010986,-0.006823
4.52300,-0.061058,0.010824,-0.010061
4.52400,-0.055716,0.008881,-0.015080
4.52500,-0.003261,0.009367,0.001110
4.52600,0.054212,0.012767,-0.001156
4.52700,0.068945,0.009529,-0.012975
4.52800,0.032032,0.024261,-0.007794
4.52900,-0.013946,0.022966,-0.003585
4.53000,0.004996,0.004672,-0.009413
4.53100,0.025880,0.015357,-0.003747
4.53200,0.134513,0.018919,0.001272
4.53300,0.107476,0.016005,0.002243
4.53400,-0.018479,0.006776,-0.008604
4.53500,0.006291,0.003215,0.000624
4.53600,-0.025279,0.021509,0.003215
4.53700,0.002891,0.017300,-0.008604
4.53800,-0.009899,0.007262,0.012443
4.53900,-0.008927,0.009529,-0.000995
4.54000,-0.020584,0.016328,-0.002937
4.54100,-0.018479,0.007424,0.004510
4.54200,0.023452,0.005805,-0.005528
4.54300,0.010500,0.018271,0.000463
4.54400,0.029442,0.005481,-0.005851
4.54500,0.016814,0.007586,0.001920
4.54600,0.025395,0.017624,0.009043
4.54700,0.033813,0.010500,-0.002128
4.54800,0.030252,0.017462,0.002729
4.54900,0.026528,0.016490,-0.010061
4.55000,0.022804,0.012767,0.001596
4.55100,-0.013623,0.002405,0.003539
4.55200,-0.057335,0.006291,0.005805
4.55300,-0.025117,0.012443,-0.000671
4.55400,-0.004718,0.005643,0.000139
4.55500,-0.042926,0.004348,0.000786
4.55600,-0.066401,0.000139,0.013414
4.55700,-0.049078,0.002081,0.003053
4.55800,-0.034993,0.009529,0.005158
4.55900,-0.020746,0.012605,-0.004071
4.56000,-0.001480,0.008557,0.000139
4.56100,0.031385,0.004348,0.006291
4.56200,0.066678,0.015357,-0.001966
4.56300,0.086915,0.006453,0.000948
4.56400,0.023290,-0.001318,0.009691
4.56500,-0.069315,0.000948,-0.001804
4.56600,-0.030945,-0.002452,0.002891
4.56700,-0.044869,-0.004394,0.006129
4.56800,-0.133102,-0.018479,0.002729
4.56900,-0.011518,-0.037583,-0.008604
4.57000,-0.030136,-0.024308,0.013738
4.57100,-0.046164,-0.024308,0.008881
4.57200,0.156045,-0.028517,0.000624
4.57300,0.068621,-0.029812,0.013738
4.57400,0.053079,-0.024631,0.011957
4.57500,0.119133,-0.019775,0.007748
4.57600,0.073316,-0.005204,0.012767
4.57700,0.041908,-0.002128,0.002405
4.57800,0.014386,0.013090,0.004996
4.57900,0.046603,0.006776,0.007586
4.58000,-0.000509,-0.002937,0.007910
4.58100,-0.010223,-0.029326,0.016976
4.58200,-0.080162,-0.026250,0.004672
4.58300,-0.074334,-0.018479,-0.001480
4.58400,0.030575,-0.019613,0.009205
4.58500,0.033489,-0.022203,0.010014
4.58600,0.034947,0.013252,0.008395
4.58700,0.070078,0.002891,0.013252
4.58800,0.064088,-0.003099,0.011471
4.58900,-0.122417,-0.000185,0.007424
4.59000,-0.105904,-0.008280,-0.005204
4.59100,0.003053,-0.005851,0.001596
4.59200,-0.059601,0.000624,0.000786
4.59300,-0.027546,0.009691,-0.008118
4.59400,-0.015241,0.005805,0.000624
4.59500,-0.000671,-0.006175,0.006453
4.59600,0.022966,-0.000347,0.002729
4.59700,0.018433,0.007586,0.007424
4.59800,-0.018803,0.009529,0.005158
4.59900,-0.017346,-0.002290,-0.005690
4.60000,-0.034183,0.001596,-0.002937
4.60100,-0.117075,-0.003585,-0.000185
4.60200,-0.076924,0.000948,0.000139
4.60300,0.070888,0.007748,-0.005366
4.60400,0.050974,-0.006499,0.001434
4.60500,-0.008118,-0.003909,0.003539
4.60600,0.052108,-0.004394,0.013090
4.60700,0.001596,-0.001480,-0.001804
4.60800,0.012443,-0.009089,-0.002128
4.60900,0.006938,-0.008766,0.006938
4.61000,0.006453,-0.010546,0.003377
4.61100,0.016166,-0.009737,-0.006985
4.61200,0.007100,0.001920,-0.003585
4.61300,-0.008927,-0.007632,0.008881
4.61400,-0.019613,-0.007794,0.001758
4.61500,-0.008442,-0.005528,-0.007470
4.61600,-0.003261,-0.012975,0.000948
4.61700,0.002081,-0.008442,-0.000671
4.61800,-0.018965,-0.024470,0.011957
4.61900,-0.001966,-0.029650,-0.003747
4.62000,-0.006337,-0.021717,-0.001966
4.62100,-0.006985,-0.022365,0.014548
4.62200,0.025395,-0.023984,0.003539
4.62300,0.030252,-0.021394,0.001596
4.62400,0.026690,-0.015565,0.007748
4.62500,0.018433,-0.015565,0.013738
4.62600,0.019081,-0.016699,-0.002128
4.62700,-0.015403,-0.014594,0.004834
4.62800,-0.045192,0.001596,0.009529
4.62900,-0.040821,-0.004880,0.017138
4.63000,0.026528,-0.012489,0.001272
4.63100,-0.003099,-0.010708,0.011310
4.63200,0.003377,-0.007956,0.011795
4.63300,-0.012651,-0.005042,0.010986
4.63400,-0.042440,-0.011518,0.012929
4.63500,-0.019127,-0.008118,0.003862
4.63600,-0.029326,-0.004233,0.017138
4.63700,-0.008280,-0.007470,0.002405
4.63800,-0.017346,-0.004718,0.010014
4.63900,-0.009575,-0.009251,0.002891
4.64000,-0.011356,-0.002775,0.005158
4.64100,-0.001318,-0.002937,0.009205
4.64200,-0.013946,0.000786,-0.005204
4.64300,-0.016699,0.000786,0.006453
4.64400,-0.008280,-0.003909,-0.002614
4.64500,0.017138,-0.001642,-0.006337
4.64600,0.027337,-0.008118,0.005158
4.64700,0.005158,-0.006661,0.009853
4.64800,-0.004394,-0.002937,-0.001318
4.64900,-0.034507,0.001272,-0.001480
4.65000,-0.042440,-0.001804,0.005158
4.65100,-0.093761,-0.011194,0.000624
4.65200,-0.003261,-0.006823,0.000139
4.65300,0.063117,-0.008118,0.006615
4.65400,0.025233,-0.008766,-0.000833
4.65500,0.074935,-0.012813,-0.006013
4.65600,0.034947,-0.008604,-0.004071
4.65700,0.011957,-0.011356,0.000139
4.65800,-0.050859,0.000624,-0.012327
4.65900,-0.076924,0.000786,0.009853
4.66000,0.002891,0.004024,0.008072
4.66100,-0.009413,-0.010061,0.005319
4.66200,-0.023174,-0.007956,0.006129
4.66300,-0.019127,0.002729,0.016490
4.66400,-0.040497,0.006776,0.010176
4.66500,-0.013137,0.004186,0.005643
4.66600,-0.017508,0.003215,-0.003423
4.66700,-0.003099,-0.005851,0.012929
4.66800,-0.005204,-0.001318,-0.019127
4.66900,-0.015241,-0.003261,-0.002128
4.67000,-0.006823,-0.001480,-0.001804
4.67100,-0.003261,0.001596,0.000624
4.67200,-0.008118,-0.000023,-0.001642
4.67300,-0.005690,0.004510,-0.003909
4.67400,0.005967,0.004024,0.013090
4.67500,-0.015727,0.001596,-0.008442
4.67600,0.007910,-0.003585,-0.001318
4.67700,0.007910,0.004672,0.012929
4.67800,-0.007956,-0.002290,0.017138
4.67900,0.010176,-0.006499,0.002891
4.68000,-0.016699,-0.007794,-0.010546
4.68100,-0.001804,0.006776,-0.001480
4.68200,0.003053,0.001758,0.008557
4.68300,0.001758,0.000786,-0.002452
4.68400,0.003700,0.000624,-0.002775
4.68500,0.003215,0.005967,-0.008766
4.68600,0.003377,-0.001642,0.010014
4.68700,0.002405,0.000948,0.013414
4.68800,0.002891,0.008719,-0.008442
4.68900,0.003862,-0.004071,-0.005528
4.69000,0.006453,-0.000347,-0.004394
4.69100,0.009043,-0.000833,0.005643
4.69200,-0.003747,-0.002775,-0.000509
4.69300,0.001434,-0.000347,0.001758
4.69400,-0.001480,-0.002614,-0.000995
4.69500,-0.011194,0.000301,-0.004071
4.69600,0.013900,-0.001642,0.003700
4.69700,-0.010546,0.008072,-0.003423
4.69800,-0.006175,-0.004556,-0.003099
4.69900,-0.000185,0.001434,-0.004880
4.70000,-0.013137,0.009691,-0.004880
4.70100,0.010986,0.003862,0.008395
4.70200,0.001110,0.007424,-0.000347
4.70300,0.015681,-0.003909,0.012605
4.70400,0.027014,0.000786,-0.003099
4.70500,-0.019127,-0.002452,-0.012813
4.70600,-0.009089,-0.001156,0.008395
4.70700,0.033975,0.005319,-0.000509
4.70800,0.004672,-0.004394,-0.008118
4.70900,0.017138,-0.003747,-0.006013
4.71000,0.042718,-0.005690,0.011471
4.71100,0.027985,0.002567,0.009853
4.71200,0.017624,-0.003261,-0.001480
4.71300,0.003377,-0.002937,0.001758
4.71400,-0.001156,-0.002775,-0.009575
4.71500,0.011310,-0.014918,-0.001804
4.71600,0.004672,-0.019613,-0.001804
4.71700,-0.027546,-0.011032,0.006453
4.71800,-0.101532,-0.025765,-0.004394
4.71900,-0.133750,0.007262,-0.002290
4.72000,-0.005851,0.044498,-0.007470
4.72100,0.056641,0.001110,-0.008280
4.72200,0.042556,0.008395,-0.009413
4.72300,0.110552,0.013900,0.000948
4.72400,0.058583,0.004348,-0.013784
4.72500,-0.059115,0.008234,-0.009899
4.72600,-0.077086,-0.003585,-0.009413
4.72700,-0.028517,-0.002128,0.000948
4.72800,0.072830,-0.001804,-0.000671
4.72900,0.067488,0.002729,-0.004233
4.73000,0.004024,-0.016537,0.004996
4.73100,0.031223,-0.003747,-0.000185
4.73200,-0.015727,0.005481,-0.004071
4.73300,-0.041307,-0.006175,-0.000995
4.73400,-0.058630,0.007586,0.000786
4.73500,-0.106551,-0.011518,-0.008604
4.73600,-0.068667,-0.004556,-0.006499
4.73700,0.073964,-0.000023,-0.011518
4.73800,0.023128,-0.001642,-0.009899
4.73900,0.052108,0.000786,-0.011032
4.74000,0.089991,0.003539,-0.002775
4.74100,0.056479,-0.004233,0.008557
4.74200,0.048870,0.004186,-0.001642
4.74300,0.030575,0.013738,-0.008604
4.74400,0.160740,0.011957,-0.012975
4.74500,0.003215,0.009043,-0.003747
4.74600,-0.088743,-0.002614,-0.003099
4.74700,0.082868,-0.001966,-0.004071
4.74800,-0.022365,0.002891,0.005319
4.74900,-0.048754,-0.014756,0.001758
4.75000,0.077040,-0.002937,0.001596
4.75100,0.101810,0.005643,-0.003261
4.75200,-0.033536,0.003700,-0.002290
4.75300,-0.146864,0.006291,-0.006175
4.75400,-0.056687,-0.005528,-0.005690
4.75500,-0.016051,0.006776,-0.001642
4.75600,0.029928,0.008072,-0.007470
4.75700,0.025556,-0.003747,-0.000833
4.75800,-0.108818,-0.002452,-0.015727
4.75900,-0.183290,0.002729,-0.026250
4.76000,-0.048268,0.003377,-0.015565
4.76100,0.038508,-0.001804,-0.021555
4.76200,0.000624,-0.003099,-0.002937
4.76300,0.003215,-0.006175,-0.019127
4.76400,-0.035640,-0.017346,0.000463
4.76500,-0.036774,-0.008604,-0.010385
4.76600,-0.010546,-0.008280,-0.005690
4.76700,0.013252,-0.012327,-0.002128
4.76800,0.016328,-0.018479,-0.017022
4.76900,-0.003261,-0.003423,-0.022365
4.77000,0.013090,0.006938,-0.010546
4.77100,0.067164,0.002891,-0.006985
4.77200,0.014386,-0.000185,0.010986
4.77300,-0.013137,-0.004394,-0.003423
4.77400,-0.076762,0.000139,0.000301
4.77500,-0.020746,-0.012651,-0.019613
4.77600,0.054212,-0.024308,-0.003909
4.77700,0.015519,-0.018803,-0.000509
4.77800,0.012119,-0.019613,0.001272
4.77900,-0.031431,-0.010708,-0.013137
4.78000,-0.040497,-0.017670,0.001920
4.78100,-0.112865,-0.024631,-0.014270
4.78200,-0.041954,-0.021555,0.000139
4.78300,-0.034831,-0.009899,0.003215
4.78400,-0.000347,-0.003585,0.017947
4.78500,0.016490,0.000786,0.012443
4.78600,0.108124,0.006453,0.011148
4.78700,0.119295,0.008881,-0.005528
4.78800,0.108286,0.005481,-0.006985
4.78900,0.257069,0.009853,-0.008604
4.79000,0.069431,-0.000671,-0.005851
4.79100,-0.114160,-0.004071,-0.009899
4.79200,0.007262,0.001596,-0.004394
4.79300,0.027175,0.004834,-0.005690
4.79400,0.069754,-0.002290,-0.010546
4.79500,0.134027,-0.005204,-0.002290
4.79600,0.088534,-0.005366,-0.002128
4.79700,0.076230,-0.008766,-0.000347
4.79800,0.005158,-0.004071,0.003862
4.79900,-0.083400,-0.008280,0.002567
4.80000,-0.194299,-0.003423,0.011471
4.80100,-0.143302,-0.000347,-0.001156
4.80200,-0.042116,-0.015727,-0.009089
4.80300,0.020862,-0.004233,-0.002128
4.80400,0.080925,-0.002290,-0.006823
4.80500,0.092096,-0.003261,-0.004071
4.80600,0.080763,0.009367,0.021509
4.80700,0.092744,0.002891,0.008395
4.80800,0.034461,-0.005366,-0.002614
4.80900,-0.071905,0.012443,-0.014756
4.81000,0.040127,0.005158,-0.030784
4.81100,0.021023,-0.001642,-0.029003
4.81200,-0.023498,-0.004394,-0.012489
4.81300,0.054698,-0.005851,-0.006337
4.81400,0.014224,-0.003423,-0.020584
4.81500,-0.031107,-0.019936,-0.015889
4.81600,-0.065915,-0.009737,-0.007470
4.81700,-0.068505,0.000463,-0.008604
4.81800,-0.068991,0.004996,0.016490
4.81900,-0.041793,0.007424,0.009529
4.82000,0.021671,0.013738,-0.011356
4.82100,-0.007309,0.010014,-0.008280
4.82200,-0.051183,0.004024,-0.002128
4.82300,-0.052640,0.013414,0.003377
4.82400,0.052108,-0.000023,0.015195
4.82500,-0.057173,-0.004394,0.008557
4.82600,-0.185557,0.006776,-0.008442
4.82700,0.051136,-0.005204,-0.025117
4.82800,-0.014108,-0.009251,0.004348
4.82900,-0.101856,-0.001804,-0.014432
4.83000,0.040451,-0.001480,0.000139
4.83100,-0.060411,0.006615,-0.010708
4.83200,-0.254039,0.012119,-0.037259
4.83300,-0.211784,0.014871,-0.036612
4.83400,0.175311,0.019728,-0.015403
4.83500,0.193281,0.013576,-0.010708
4.83600,-0.008118,-0.010385,0.000139
4.83700,0.126418,-0.015727,0.012767
4.83800,0.302400,-0.015889,0.069269
4.83900,0.269859,0.002243,0.067973
4.84000,0.165273,-0.003747,0.070402
4.84100,0.084649,-0.004071,0.020700
4.84200,-0.118208,0.004996,0.020862
4.84300,-0.422088,0.012605,0.000786
4.84400,-0.409784,0.009043,0.014709
4.84500,-0.025927,0.000463,0.027985
4.84600,-0.192357,-0.009413,0.026366
4.84700,-0.168881,0.008072,0.000463
4.84800,-0.030622,0.007100,0.008395
4.84900,0.054050,-0.007309,0.015033
4.85000,0.106829,-0.009899,0.001596
4.85100,0.048708,-0.002937,0.004510
4.85200,0.115895,0.003053,0.004672
4.85300,-0.063649,0.018271,0.009043
4.85400,0.057612,0.021995,0.005643
4.85500,0.250269,0.004510,0.007748
4.85600,0.100191,0.008072,0.027499
4.85700,0.005158,-0.000347,0.014548
4.85800,0.101648,-0.004718,0.000301
4.85900,0.022642,-0.003099,0.015195
4.86000,0.066354,-0.000509,0.005319
4.86100,0.029280,0.002729,-0.003747
4.86200,0.036404,-0.009413,0.010500
4.86300,0.041422,0.005481,0.022642
4.86400,-0.021394,-0.005528,-0.000995
4.86500,0.028633,0.008719,-0.001480
4.86600,0.020214,0.021833,0.008234
4.86700,0.068459,0.021671,0.005481
4.86800,0.070402,0.014548,0.004672
4.86900,-0.002937,0.010986,-0.010546
4.87000,-0.053287,0.012119,-0.012004
4.87100,0.045470,0.013900,0.000301
4.87200,0.014709,0.004996,0.010176
4.87300,0.037375,0.015195,0.019566
4.87400,0.075259,0.000948,0.002081
4.87500,-0.078705,0.008072,0.012281
4.87600,-0.214051,0.001272,0.014224
4.87700,-0.015565,-0.002937,0.021671
4.87800,0.034947,-0.014918,0.002891
4.87900,-0.055554,-0.012327,-0.029974
4.88000,0.021347,0.000463,-0.008766
4.88100,-0.053449,-0.003909,0.012443
4.88200,-0.016213,-0.000671,0.026528
4.88300,-0.118532,-0.013299,0.033166
4.88400,-0.147349,-0.010870,0.017624
4.88500,-0.090362,-0.008927,0.006776
4.88600,-0.016375,-0.014594,0.019728
4.88700,0.079630,-0.017508,-0.000347
4.88800,0.033489,-0.011194,0.026852
4.88900,-0.032564,-0.008766,0.028633
4.89000,-0.068344,-0.003423,0.013576
4.89100,-0.111732,-0.000509,-0.012165
4.89200,-0.029650,0.002567,-0.025603
4.89300,0.017300,-0.013461,-0.004071
4.89400,0.054374,-0.010546,-0.026089
4.89500,0.233756,-0.012975,-0.017184
4.89600,0.220804,-0.018318,0.001272
4.89700,0.056803,-0.015889,0.002405
4.89800,0.050489,-0.001480,0.001272
4.89900,-0.022689,0.009205,-0.009737
4.90000,-0.012004,0.015681,0.028471
4.90100,0.059069,0.011957,0.049679
4.90200,0.063926,0.008072,0.030252
4.90300,0.008072,0.011471,-0.003747
4.90400,-0.175843,0.022319,-0.011356
4.90500,0.019081,0.020376,-0.034669
4.90600,-0.042926,0.020862,-0.026898
4.90700,-0.115132,0.025233,0.001758
4.90800,-0.066239,0.028471,-0.001318
4.90900,-0.069315,0.008395,-0.011680
4.91000,-0.073686,0.001758,0.015357
4.91100,-0.136988,0.005967,0.003215
4.91200,0.001110,-0.000347,-0.008442
4.91300,0.042718,-0.002775,0.014062
4.91400,-0.000671,-0.006175,-0.001156
4.91500,-0.028517,-0.013946,0.018433
4.91600,0.055022,-0.017346,-0.005851
4.91700,0.023938,-0.013784,0.013738
4.91800,-0.067048,-0.014108,-0.001480
4.91900,-0.130350,-0.006175,-0.026574
4.92000,-0.056201,0.001110,-0.044383
4.92100,-0.025765,0.021671,-0.051506
4.92200,0.008557,0.012119,-0.045030
4.92300,0.116381,0.015033,-0.049078
4.92400,0.252374,-0.007470,-0.054420
4.92500,0.255774,-0.012651,-0.017346
4.92600,0.048708,-0.010385,0.022319
4.92700,-0.078219,-0.015889,0.056155
4.92800,-0.163539,0.000948,0.082220
4.92900,-0.053125,-0.002452,0.036565
4.93000,-0.054259,-0.000023,-0.000995
4.93100,0.005967,-0.001480,-0.010708
4.93200,-0.135045,-0.027546,-0.043897
4.93300,-0.141521,0.001110,-0.053449
4.93400,0.130951,0.008234,-0.053611
4.93500,0.018757,0.004186,-0.056039
4.93600,-0.016699,-0.009737,-0.018156
4.93700,0.065383,-0.004233,-0.013299
4.93800,0.160416,-0.000995,0.014386
4.93900,0.129494,0.011633,0.047898
4.94000,0.098572,0.013414,0.024099
4.94100,0.066193,0.021833,0.023452
4.94200,0.052269,0.013738,0.026204
4.94300,-0.096514,0.017947,0.002729
4.94400,-0.090200,0.010986,-0.019613
4.94500,0.080925,-0.001642,-0.041793
4.94600,0.023776,0.017947,-0.045354
4.94700,0.035108,0.010986,-0.033860
4.94800,-0.004394,0.011633,-0.050535
4.94900,-0.038555,-0.007632,-0.031431
4.95000,-0.031431,0.006453,-0.020746
4.95100,-0.031593,0.000948,-0.019775
4.95200,-0.011356,-0.004394,-0.018156
4.95300,0.006129,-0.002937,0.000139
4.95400,0.028633,-0.004556,0.024585
4.95500,0.034137,0.004024,0.041422
4.95600,0.020214,-0.012975,0.032194
4.95700,0.026366,-0.002452,-0.009737
4.95800,0.033813,-0.000995,-0.022527
4.95900,-0.154958,0.004996,-0.016213
4.96000,-0.170015,-0.001318,-0.047135
4.96100,-0.033374,-0.009089,-0.019613
4.96200,0.043203,-0.012004,-0.016699
4.96300,0.044984,-0.006661,-0.023498
4.96400,-0.030784,-0.014594,0.010176
4.96500,0.011148,-0.024631,0.009691
4.96600,-0.016213,-0.017184,-0.014432
4.96700,-0.000995,-0.012975,-0.044545
4.96800,-0.023336,-0.007632,-0.082267
4.96900,-0.106551,-0.017832,-0.046973
4.97000,-0.124036,-0.011842,-0.017184
4.97100,0.029766,0.002891,0.006129
4.97200,0.007424,-0.000023,0.001434
4.97300,-0.018318,-0.000185,-0.019127
4.97400,0.029604,0.016005,-0.018479
4.97500,-0.022203,0.014548,-0.012813
4.97600,0.019081,0.010986,0.019243
4.97700,-0.012165,0.005319,0.015033
4.97800,0.000139,0.009691,0.007586
4.97900,-0.012975,0.007586,-0.000347
4.98000,0.022319,0.008395,0.009367
4.98100,0.019081,0.012443,0.018757
4.98200,-0.005204,0.001110,0.014709
4.98300,-0.000023,-0.003909,0.011310
4.98400,0.001758,0.003700,-0.005690
4.98500,-0.000185,-0.002128,-0.020584
4.98600,-0.018641,-0.007147,0.005805
4.98700,0.014871,0.000624,0.017624
4.98800,-0.014270,-0.000509,0.004996
4.98900,-0.023013,-0.001318,-0.013946
4.99000,-0.022041,-0.012975,-0.009899
4.99100,-0.007309,-0.004233,0.008557
4.99200,-0.010708,-0.004718,0.023290
4.99300,-0.010870,-0.006499,0.006129
4.99400,-0.010385,-0.012813,-0.005204
4.99500,-0.010870,-0.011680,0.003215
4.99600,-0.018156,-0.004394,0.008881
4.99700,-0.010061,-0.009251,0.009529
4.99800,-0.004071,-0.006499,0.000948
4.99900,-0.018318,-0.002937,0.021509
5.00000,-0.000185,0.008072,0.013252
5.00100,-0.015565,0.008557,0.013414
5.00200,0.007748,0.006291,0.002567
5.00300,-0.010223,0.003539,-0.006661
5.00400,-0.007794,0.009367,-0.010708
5.00500,-0.008927,0.013738,-0.019775
5.00600,-0.007309,0.003215,-0.003261
5.00700,-0.006823,-0.032241,0.000463
5.00800,-0.002614,-0.039688,-0.006013
5.00900,-0.000995,-0.003099,0.005967
5.01000,-0.014918,-0.002937,-0.003423
5.01100,0.001758,-0.009089,0.018433
5.01200,-0.008766,-0.009089,0.038023
5.01300,-0.012651,-0.012975,0.019243
5.01400,-0.012975,-0.025603,0.020862
5.01500,-0.002775,-0.024793,0.012443
5.01600,-0.017022,-0.014594,0.000948
5.01700,-0.003261,-0.004880,-0.000509
5.01800,0.000624,-0.008118,-0.008118
5.01900,0.001272,-0.008766,-0.010385
5.02000,-0.005528,-0.006337,0.001920
5.02100,-0.008766,-0.006985,0.009367
5.02200,0.005481,-0.001966,0.003053
5.02300,0.000786,0.020538,-0.006175
5.02400,0.019728,0.003700,-0.002452
5.02500,-0.011518,0.005481,0.005319
5.02600,-0.017508,0.010014,0.009853
5.02700,-0.023174,-0.017832,0.008719
5.02800,-0.017508,0.005158,-0.012813
5.02900,-0.003261,0.008557,0.004672
5.03000,-0.019451,0.015357,-0.000833
5.03100,-0.000347,0.005805,-0.004880
5.03200,-0.010061,0.000301,0.001272
5.03300,-0.001480,-0.001642,0.006938
5.03400,-0.010385,-0.000509,0.017785
5.03500,-0.003909,-0.006013,0.004996
5.03600,0.004510,0.010014,-0.000023
5.03700,0.005158,0.026042,0.002891
5.03800,-0.000995,-0.037098,-0.000995
5.03900,0.000948,-0.032726,-0.006499
5.04000,-0.002452,-0.013946,0.010662
5.04100,-0.002128,-0.011032,0.009853
5.04200,-0.012165,0.002729,0.004186
5.04300,-0.006823,0.015681,-0.009575
5.04400,0.006129,0.002729,-0.005204
5.04500,-0.019936,0.001596,-0.010870
5.04600,0.007748,0.021995,0.005481
5.04700,0.011633,0.012281,-0.010708
5.04800,-0.006175,0.025880,-0.007956
5.04900,0.027175,0.034785,-0.003909
5.05000,0.022966,0.013738,-0.017994
5.05100,0.028633,-0.008927,-0.011518
5.05200,-0.026898,-0.033698,-0.003585
5.05300,-0.027222,-0.066725,-0.006175
5.05400,-0.001966,-0.055554,-0.003909
5.05500,0.012119,-0.026089,-0.007309
5.05600,0.028794,-0.010061,-0.005366
5.05700,0.009853,0.059069,-0.004556
5.05800,0.027823,0.058583,-0.005204
5.05900,0.000463,-0.006175,-0.012651
5.06000,-0.009089,-0.040174,0.000463
5.06100,0.010338,-0.041954,0.002081
5.06200,-0.015565,-0.028679,-0.005690
5.06300,-0.005042,-0.002775,0.015033
5.06400,0.018595,0.002243,0.030252
5.06500,0.002891,-0.005042,0.002729
5.06600,0.016005,-0.005204,0.015519
5.06700,0.002243,-0.007470,0.015033
5.06800,0.016490,0.001758,0.014548
5.06900,0.013252,0.007586,-0.005366
5.07000,-0.000347,-0.008604,-0.009899
5.07100,0.014871,-0.005042,-0.019775
5.07200,0.016490,-0.029974,-0.020098
5.07300,0.019890,-0.074172,-0.015565
5.07400,-0.007956,-0.087447,0.006291
5.07500,0.016328,-0.120312,-0.018641
5.07600,0.009529,-0.112056,-0.005204
5.07700,0.004996,-0.018479,0.003053
5.07800,0.016490,0.109095,0.005805
5.07900,-0.000671,0.170940,0.013090
5.08000,0.020214,0.076230,0.001110
5.08100,0.010500,-0.035640,-0.003585
5.08200,0.004834,0.009043,0.009691
5.08300,0.001758,0.068783,-0.007309
5.08400,0.010500,0.024909,-0.003261
5.08500,0.007424,-0.093276,-0.008442
5.08600,0.001110,-0.096999,0.001434
5.08700,0.007262,-0.005690,-0.016860
5.08800,0.010986,0.034137,-0.011032
5.08900,-0.004233,0.138722,-0.000995
5.09000,0.002243,0.106181,-0.005204
5.09100,0.005481,-0.020260,-0.006823
5.09200,-0.000833,-0.036612,0.002243
5.09300,0.023614,-0.186366,-0.004233
5.09400,0.032194,-0.248049,-0.005851
5.09500,0.013090,-0.158358,-0.009737
5.09600,-0.020584,-0.131160,-0.004071
5.09700,0.015519,-0.002128,0.000301
5.09800,-0.032564,0.389015,0.003053
5.09900,-0.001642,0.145846,-0.009251
5.10000,-0.012975,-0.198671,0.001272
5.10100,0.002081,0.021185,-0.005366
5.10200,0.004186,-0.017022,0.006291
5.10300,-0.012651,0.233594,0.010986
5.10400,0.007586,0.236346,0.003539
5.10500,-0.017994,0.062955,0.000301
5.10600,0.012443,0.065383,-0.002290
5.10700,-0.034507,0.045470,-0.000023
5.10800,0.021995,-0.011032,0.020538
5.10900,-0.018803,-0.043250,0.014224
5.11000,0.019566,-0.015241,0.017300
5.11100,0.010662,-0.007309,0.008234
5.11200,0.015195,0.112009,-0.013623
5.11300,0.022966,0.060850,0.002243
5.11400,0.022642,0.016490,0.016328
5.11500,-0.000995,0.049355,0.000786
5.11600,-0.004556,0.002891,-0.013137
5.11700,0.006129,-0.016375,0.004348
5.11800,-0.018156,-0.051021,0.006615
5.11900,0.006129,-0.079514,0.012605
5.12000,-0.040497,-0.053449,0.006776
5.12100,-0.008280,-0.096028,-0.002614
5.12200,-0.027869,-0.127598,0.007262
5.12300,0.002405,-0.058144,0.001434
5.12400,-0.016051,-0.010061,-0.000023
5.12500,0.000786,0.129170,-0.011680
5.12600,0.005643,0.182111,-0.002775
5.12700,-0.009575,0.008881,-0.003747
5.12800,0.005158,-0.045192,0.011471
5.12900,0.001110,-0.070286,0.002081
5.13000,0.014548,-0.128893,0.016652
5.13100,-0.003261,-0.073362,0.000624
5.13200,0.003215,0.059555,0.008557
5.13300,-0.008604,0.132732,0.005481
5.13400,0.007100,0.071535,-0.002128
5.13500,0.000139,0.022642,0.007100
5.13600,-0.002452,0.048222,0.022319
5.13700,0.003539,0.023938,0.018433
5.13800,0.001920,-0.026736,0.004348
5.13900,-0.002775,-0.073686,0.013414
5.14000,-0.007956,-0.123065,0.015843
5.14100,-0.016213,-0.231536,0.018433
5.14200,-0.014108,-0.372062,0.020214
5.14300,-0.005204,-0.463858,0.007100
5.14400,-0.002452,-0.205146,0.004834
5.14500,0.007910,0.207043,0.010338
5.14600,0.005319,-0.027384,-0.006661
5.14700,-0.002937,0.098572,-0.004880
5.14800,-0.016699,0.547997,-0.009089
5.14900,-0.003261,0.251888,-0.007309
5.15000,0.011633,0.095820,-0.000509
5.15100,0.017947,0.013576,-0.004718
5.15200,0.008395,-0.052640,0.000139
5.15300,0.009205,0.047574,-0.003747
5.15400,0.013576,0.197653,-0.012327
5.15500,-0.009089,0.256097,-0.011842
5.15600,-0.015889,-0.035479,0.004024
5.15700,-0.006985,-0.015565,0.005643
5.15800,0.003539,-0.064944,-0.002775
5.15900,-0.007309,-0.045354,0.015519
5.16000,-0.006337,0.115571,0.004348
5.16100,0.003862,0.019890,-0.008280
5.16200,0.011148,-0.037583,0.001758
5.16300,0.002405,-0.024631,0.004186
5.16400,0.006938,-0.093600,-0.004233
5.16500,-0.000509,-0.069639,0.001434
5.16600,0.001272,-0.063001,0.008395
5.16700,-0.006985,0.027985,0.016328
5.16800,-0.027222,0.024747,0.000301
5.16900,-0.001804,-0.094085,-0.009899
5.17000,-0.007956,0.008881,-0.004071
5.17100,-0.005366,0.071697,-0.008118
5.17200,0.003377,0.110390,0.009691
5.17300,0.013414,0.096467,0.007586
5.17400,0.012767,0.067488,-0.006337
5.17500,-0.009899,0.035756,0.006615
5.17600,0.007262,-0.018803,0.009529
5.17700,0.012767,-0.112380,0.015357
5.17800,-0.019936,-0.214536,0.012281
5.17900,-0.013946,-0.134074,0.001596
5.18000,-0.021555,-0.183128,-0.003423
5.18100,-0.003585,-0.435202,0.004672
5.18200,0.005158,-0.149616,-0.002775
5.18300,-0.005690,0.087401,0.000786
5.18400,0.003700,-0.118855,-0.007632
5.18500,-0.032241,0.343684,0.007100
5.18600,-0.022365,0.284267,-0.001804
5.18700,-0.011518,-0.135045,0.000139
5.18800,0.009367,-0.155120,-0.002775
5.18900,0.019728,-0.188309,-0.005690
5.19000,0.017462,0.092906,-0.015889
5.19100,0.004186,0.106019,-0.011518
5.19200,-0.028031,0.086106,-0.013623
5.19300,-0.034183,0.265326,-0.007956
5.19400,-0.003423,0.222261,-0.008927
5.19500,-0.004880,0.129980,-0.007147
5.19600,0.003377,0.084649,0.016490
5.19700,0.011148,-0.005366,0.009043
5.19800,-0.001804,-0.038717,0.008719
5.19900,-0.008442,-0.009899,-0.005366
5.20000,-0.007956,0.120752,0.005481
5.20100,0.018109,0.128685,0.003700
5.20200,0.008395,-0.002614,-0.012004
5.20300,0.003700,0.004024,-0.013784
5.20400,0.010986,-0.117722,-0.007147
5.20500,0.013414,-0.170824,-0.000509
5.20600,0.004672,-0.146378,0.007748
5.20700,-0.023498,-0.018156,-0.002937
5.20800,-0.021879,0.199595,0.008395
5.20900,-0.018803,0.175473,-0.009413
5.21000,-0.012327,-0.046649,-0.000833
5.21100,0.011310,-0.057335,0.000624
5.21200,0.015033,-0.037098,0.013252
5.21300,-0.003423,-0.076924,0.005481
5.21400,-0.001642,-0.005690,-0.004233
5.21500,-0.004880,0.012605,-0.006823
5.21600,-0.010061,0.157502,0.008881
5.21700,-0.018156,0.036565,0.006615
5.21800,-0.028679,0.012605,0.021023
5.21900,-0.007632,-0.003909,-0.003099
5.22000,-0.012651,-0.105580,0.013252
5.22100,-0.026250,-0.101209,0.001596
5.22200,-0.000671,-0.126788,0.011148
5.22300,0.003215,-0.003585,0.018757
5.22400,0.003377,0.040127,0.010338
5.22500,0.008557,0.072992,0.000948
5.22600,0.010824,-0.009251,0.012443
5.22700,0.009529,-0.012975,-0.003261
5.22800,-0.001642,0.008557,0.009205
5.22900,0.003377,0.042394,0.012929
5.23000,-0.001318,0.132085,0.011957
5.23100,-0.000833,-0.023984,0.015195
5.23200,-0.014432,-0.289171,0.010500
5.23300,-0.026574,-0.189442,-0.011032
5.23400,-0.005851,-0.122579,-0.036936
5.23500,0.023938,-0.138931,-0.056363
5.23600,0.026204,-0.141521,-0.039526
5.23700,0.021347,-0.199642,-0.022851
5.23800,0.004024,-0.150749,0.011471
5.23900,-0.037583,-0.004880,0.033004
5.24000,-0.036612,0.150865,0.006615
5.24100,0.016652,0.017138,0.024747
5.24200,0.033813,0.074611,0.036727
5.24300,0.002405,0.108771,0.013738
5.24400,0.009691,0.145036,-0.015889
5.24500,-0.016699,0.192634,-0.005690
5.24600,-0.032726,0.269373,-0.001642
5.24700,0.005319,0.290096,0.011310
5.24800,-0.007794,0.087401,0.008881
5.24900,0.016490,0.140341,0.001758
5.25000,0.007586,0.028471,-0.009575
5.25100,-0.007147,-0.136340,0.010338
5.25200,0.033489,-0.253068,0.017462
5.25300,-0.026412,0.064736,0.008072
5.25400,-0.028193,0.107476,0.003215
5.25500,-0.022041,-0.043088,0.002567
5.25600,0.015519,-0.002937,0.018109
5.25700,0.020862,-0.020584,-0.002452
5.25800,0.001920,0.038184,0.000786
5.25900,0.015033,-0.047297,0.007586
5.26000,-0.008280,0.030413,-0.002775
5.26100,0.016490,0.034137,0.012443
5.26200,0.004510,0.075097,0.011633
5.26300,0.025880,0.016005,0.013252
5.26400,0.035432,-0.062192,-0.000347
5.26500,0.006615,-0.192033,0.002891
5.26600,0.003215,-0.251773,0.017138
5.26700,-0.023174,-0.125655,0.000463
5.26800,-0.017346,-0.227812,-0.000671
5.26900,-0.018641,-0.256791,0.005481
5.27000,0.002729,-0.157549,0.004024
5.27100,-0.012489,-0.104447,0.011310
5.27200,-0.028517,0.192310,0.006291
5.27300,-0.012975,0.137265,0.013414
5.27400,0.006776,-0.065106,0.032194
5.27500,0.040775,0.230518,0.015357
5.27600,0.033166,0.063117,0.027337
5.27700,0.029442,-0.009737,0.019566
5.27800,-0.015403,0.056155,0.020700
5.27900,-0.002937,-0.076277,0.006776
5.28000,0.018595,-0.231859,-0.018156
5.28100,-0.012651,-0.208222,-0.011032
5.28200,-0.015889,0.149246,-0.008118
5.28300,-0.016537,0.098734,-0.025603
5.28400,-0.018803,0.202672,-0.003423
5.28500,0.002243,0.214976,-0.006823
5.28600,0.029442,0.013576,0.008719
5.28700,-0.023336,0.057450,0.007586
5.28800,-0.013461,0.121885,0.009691
5.28900,0.007748,0.259497,-0.002452
5.29000,-0.037583,0.100353,-0.006985
5.29100,0.035432,-0.084371,-0.003423
5.29200,-0.025279,0.026852,0.006938
5.29300,-0.014432,0.017624,0.003862
5.29400,-0.000347,-0.016537,-0.006985
5.29500,-0.013137,-0.116427,-0.003585
5.29600,0.008881,-0.239954,-0.003909
5.29700,-0.044221,-0.383557,0.007424
5.29800,-0.010385,-0.299047,0.007100
5.29900,-0.001966,-0.153016,-0.004233
5.30000,0.036242,0.235051,-0.002128
5.30100,0.014871,0.181625,0.001920
5.30200,0.000624,-0.408003,-0.005366
5.30300,-0.023013,-0.107846,-0.001318
5.30400,-0.034831,-0.085990,-0.003909
5.30500,0.041422,0.311466,-0.007794
5.30600,0.036889,0.472715,0.006129
5.30700,0.046441,0.051784,-0.002290
5.30800,-0.000995,0.129980,-0.002128
5.30900,0.003862,0.016652,0.001110
5.31000,0.007262,0.104076,0.003215
5.31100,-0.027869,-0.051992,-0.000995
5.31200,-0.024631,-0.314751,0.013576
5.31300,0.023776,-0.190899,0.002729
5.31400,-0.046164,-0.099104,0.009043
5.31500,-0.028193,0.146008,-0.003909
5.31600,-0.018641,0.141475,-0.003261
5.31700,-0.041793,0.104724,0.003053
5.31800,0.023776,0.333646,0.005967
5.31900,0.005805,0.146493,-0.003261
5.32000,0.026852,0.029928,-0.005366
5.32100,-0.000509,-0.030784,0.009205
5.32200,-0.005528,-0.218260,0.003700
5.32300,0.014709,-0.176491,0.002891
5.32400,0.010014,-0.151073,0.004996
5.32500,0.029280,-0.127436,0.001758
5.32600,0.014386,0.037861,0.001110
5.32700,0.045146,0.277953,0.003053
5.32800,-0.022527,0.202672,0.002243
5.32900,-0.003099,0.093715,-0.010385
5.33000,-0.008927,0.075906,0.000139
5.33100,-0.028841,0.085782,0.002081
5.33200,0.051136,-0.020422,0.007100
5.33300,-0.018156,-0.108818,-0.007147
5.33400,-0.042440,0.037051,-0.002128
5.33500,-0.004718,-0.033536,0.010662
5.33600,-0.033860,-0.017670,0.008719
5.33700,-0.005204,-0.007147,0.001920
5.33800,0.031385,0.014871,0.010014
5.33900,-0.035640,0.064088,-0.001642
5.34000,-0.026412,0.107638,-0.002614
5.34100,0.016976,0.054698,-0.000833
5.34200,-0.047459,-0.051506,0.000139
5.34300,-0.040174,-0.169853,-0.004233
5.34400,-0.014432,-0.298885,0.001272
5.34500,-0.034669,-0.225383,-0.006013
5.34600,0.036727,0.020376,-0.006175
5.34700,0.038346,0.085620,-0.004071
5.34800,-0.009251,-0.060734,-0.011194
5.34900,-0.028031,-0.059601,-0.002775
5.35000,-0.035155,-0.057497,-0.004718
5.35100,0.029766,-0.016860,0.011310
5.35200,-0.010061,-0.027869,0.009043
5.35300,-0.007147,-0.031755,-0.002128
5.35400,-0.011842,0.013576,0.003053
5.35500,-0.008442,0.015357,-0.006823
5.35600,0.028471,0.027175,-0.000347
5.35700,-0.001966,0.018109,-0.013299
5.35800,0.043041,0.002729,-0.001804
5.35900,0.020052,-0.093761,-0.004071
5.36000,0.011471,-0.068020,0.001920
5.36100,-0.027869,0.018109,-0.001804
5.36200,-0.017022,0.050974,-0.009575
5.36300,-0.001966,0.000301,-0.000671
5.36400,-0.022689,0.019728,0.003862
5.36500,0.008395,0.007424,-0.010708
5.36600,0.008072,-0.056363,-0.005366
5.36700,0.006129,-0.055068,-0.002128
5.36800,-0.004718,-0.073201,-0.004556
5.36900,0.001758,-0.033050,-0.004071
5.37000,-0.003909,-0.015727,0.010500
5.37100,-0.000023,0.044337,-0.004233
5.37200,-0.008766,0.056479,0.005805
5.37300,0.008719,0.015033,0.001110
5.37400,0.016328,-0.040821,0.005158
5.37500,-0.013623,-0.044869,0.010662
5.37600,-0.040497,-0.033374,-0.005851
5.37700,-0.015403,-0.012489,-0.007470
5.37800,0.029928,0.002729,-0.031593
5.37900,0.025395,-0.022689,-0.041954
5.38000,-0.012489,-0.012004,-0.029326
5.38100,-0.025117,-0.035479,-0.019127
5.38200,-0.023984,-0.035479,-0.003747
5.38300,-0.024470,-0.006337,0.014709
5.38400,-0.012651,0.023290,0.038023
5.38500,0.018109,0.006453,0.038184
5.38600,0.000786,0.027985,0.026690
5.38700,-0.013784,0.058583,0.038994
5.38800,0.018271,0.018433,0.024909
5.38900,-0.003423,-0.032888,0.003377
5.39000,0.021509,-0.037907,0.017624
5.39100,-0.006499,-0.029974,0.006129
5.39200,-0.009251,-0.003585,0.010500
5.39300,0.001434,-0.000347,0.010176
5.39400,0.004672,-0.022041,0.001110
5.39500,0.005481,0.022319,0.002405
5.39600,-0.012165,0.012281,-0.013461
5.39700,-0.015403,-0.016699,-0.000023
5.39800,-0.009251,0.004996,-0.001318
5.39900,0.000948,-0.005366,-0.000185
5.40000,0.003053,-0.000023,-0.006013
5.40100,0.012605,-0.003099,0.003700
5.40200,0.010338,-0.008766,0.006129
5.40300,0.000786,-0.001804,0.014871
5.40400,0.004348,0.004834,-0.001156
5.40500,-0.000671,0.033328,0.003215
5.40600,0.038346,0.024261,-0.007470
5.40700,0.010338,0.002243,-0.000995
5.40800,0.037861,0.012929,-0.000509
5.40900,0.020376,0.051946,-0.010385
5.41000,0.013252,0.034461,-0.002290
5.41100,0.019728,-0.010708,0.001272
5.41200,-0.040174,-0.017346,-0.002775
5.41300,0.018109,-0.061382,-0.005528
5.41400,-0.034022,-0.012651,-0.012975
5.41500,0.010500,0.039480,0.003377
5.41600,-0.008442,-0.000023,-0.010223
5.41700,-0.001480,0.016814,0.003539
5.41800,-0.000995,0.019081,0.006129
5.41900,-0.011842,0.020214,0.006291
5.42000,0.009853,0.019404,-0.001804
5.42100,0.003700,0.006129,0.001272
5.42200,0.016814,0.016005,0.002081
5.42300,-0.014432,0.014062,-0.009575
5.42400,0.007100,0.025071,-0.004556
5.42500,0.013090,0.017785,-0.008442
5.42600,0.019243,0.016328,-0.007470
5.42700,0.014871,0.010014,-0.012165
5.42800,0.016328,0.009367,-0.000023
5.42900,0.014386,0.015357,-0.004071
5.43000,0.001596,0.015681,-0.016537
5.43100,-0.006823,-0.003747,-0.013299
5.43200,-0.001966,-0.004394,-0.002128
5.43300,-0.004071,0.013252,-0.005204
5.43400,0.010176,0.015357,-0.017022
5.43500,0.003539,0.004510,0.005967
5.43600,0.000786,-0.005042,0.008072
5.43700,-0.001318,0.002405,0.011795
5.43800,-0.004071,0.011795,0.012605
5.43900,0.004510,0.005643,-0.010708
5.44000,-0.000185,0.006776,0.003215
5.44100,-0.002290,0.005158,0.004348
5.44200,0.005967,-0.001156,-0.005042
5.44300,0.006453,0.005481,0.000948
5.44400,0.010824,-0.001804,0.009691
5.44500,0.009205,0.001758,0.027499
5.44600,0.006453,0.010986,0.101972
5.44700,0.011310,-0.000509,0.049841
5.44800,-0.000671,-0.003909,-0.003747
5.44900,0.005319,0.000786,-0.057497
5.45000,0.001272,-0.001966,-0.080162
5.45100,0.003215,-0.003585,-0.057497
5.45200,0.002729,-0.001966,-0.064782
5.45300,-0.001642,-0.001480,-0.084209
5.45400,0.004834,0.002729,-0.136664
5.45500,-0.011842,0.006776,-0.123874
5.45600,-0.013299,0.000463,-0.094247
5.45700,-0.012327,0.011148,-0.041469
5.45800,-0.011680,0.008881,0.007748
5.45900,0.001434,-0.003909,0.046441
5.46000,-0.003423,0.003862,0.055022
5.46100,0.016328,0.006615,0.053403
5.46200,0.000139,-0.003261,0.077363
5.46300,-0.011518,0.006615,0.006453
5.46400,0.030737,0.014224,-0.085828
5.46500,-0.018803,0.004672,-0.046488
5.46600,0.026366,0.008557,0.056317
5.46700,0.022157,-0.000995,0.077363
5.46800,-0.034022,-0.009089,0.071697
5.46900,0.047089,0.001272,0.056964
5.47000,0.005805,0.011957,0.073964
5.47100,-0.021394,-0.004718,0.094201
5.47200,0.035432,-0.003909,0.079306
5.47300,0.004348,-0.003423,0.111200
5.47400,-0.031431,0.006776,0.151512
5.47500,0.011957,0.000139,0.040613
5.47600,0.021995,0.000463,-0.067372
5.47700,-0.024631,0.004024,-0.062353
5.47800,-0.006499,0.000301,-0.065753
5.47900,0.018919,-0.003585,-0.098942
5.48000,-0.012975,-0.007470,-0.096676
5.48100,0.021023,0.005158,-0.085343
5.48200,0.009529,0.007748,-0.046811
5.48300,-0.000023,0.002729,-0.038069
5.48400,0.003700,-0.001966,-0.062030
5.48500,0.004510,-0.003099,-0.023660
5.48600,0.019890,0.000786,0.014871
5.48700,-0.005690,-0.000995,0.033813
5.48800,0.033328,-0.005366,0.045470
5.48900,-0.023660,0.006615,0.020538
5.49000,0.027014,0.003215,-0.013623
5.49100,-0.001480,-0.003585,0.001596
5.49200,-0.003261,0.009853,-0.004880
5.49300,0.021995,0.004672,0.000301
5.49400,-0.016860,0.000624,0.013414
5.49500,0.006291,-0.004394,0.027175
5.49600,-0.030136,-0.005042,0.050651
5.49700,-0.012165,0.003700,0.071859
5.49800,-0.027222,0.008719,0.063926
5.49900,-0.018803,0.010662,0.043041
5.50000,-0.009575,-0.000023,0.035756
5.50100,0.016652,-0.005690,0.001434
5.50200,-0.005042,-0.000023,-0.052316
5.50300,-0.044707,0.005158,-0.039688
5.50400,-0.053287,-0.004394,-0.055230
5.50500,-0.047621,0.002405,-0.027384
5.50600,0.017462,-0.002128,-0.002452
5.50700,0.040451,0.001758,-0.033212
5.50800,0.041746,-0.001804,-0.089066
5.50900,0.037537,-0.006499,-0.099266
5.51000,0.034947,0.008072,-0.052802
5.51100,0.088211,0.007910,-0.055230
5.51200,0.104238,0.010986,0.012929
5.51300,0.016490,0.018109,0.015681
5.51400,0.037375,0.005319,0.044498
5.51500,0.083839,0.008881,0.052431
5.51600,-0.038555,0.001596,0.018595
5.51700,-0.046649,-0.016537,0.020700
5.51800,-0.012651,-0.005366,0.032518
5.51900,-0.195756,-0.004394,0.035270
5.52000,-0.066401,-0.000833,0.024423
5.52100,0.071211,-0.016699,0.023452
5.52200,-0.073524,-0.003585,0.016814
5.52300,0.017785,-0.011518,0.026852
5.52400,0.032680,-0.009251,0.012443
5.52500,0.013576,-0.004071,0.013252
5.52600,0.045955,-0.010708,0.008395
5.52700,-0.010061,-0.003261,0.010338
5.52800,-0.035155,0.001434,0.011795
5.52900,-0.198185,0.012119,0.007262
5.53000,-0.118532,0.010014,-0.000833
5.53100,0.011795,0.011957,0.008395
5.53200,0.051298,0.008719,0.017300
5.53300,0.029604,0.009205,-0.000509
5.53400,-0.006175,-0.001804,-0.000671
5.53500,-0.006661,0.007100,-0.004880
5.53600,-0.037098,-0.001318,0.000463
5.53700,-0.039202,-0.014756,0.004186
5.53800,-0.065268,-0.004556,-0.004394
5.53900,-0.019936,-0.010546,-0.002128
5.54000,-0.035317,-0.010385,-0.000995
5.54100,-0.044707,-0.002937,-0.003585
5.54200,-0.018156,-0.007470,-0.005204
5.54300,-0.027708,-0.015080,-0.004071
5.54400,-0.022689,-0.004394,-0.007470
5.54500,-0.017832,-0.012327,-0.002290
5.54600,-0.014918,-0.020422,-0.002452
5.54700,0.011957,-0.013461,-0.009413
5.54800,0.024747,-0.002452,0.002405
5.54900,0.039803,0.007424,-0.005204
5.55000,0.003700,0.003539,0.010014
5.55100,-0.086152,0.004348,0.012119
5.55200,-0.085343,0.002243,0.013252
5.55300,-0.003585,0.008881,-0.001804
5.55400,-0.052963,0.010824,-0.003585
5.55500,-0.002775,0.005967,-0.011842
5.55600,0.103105,0.017947,-0.013784
5.55700,-0.010061,0.001434,-0.013623
5.55800,0.023776,0.006776,-0.028355
5.55900,0.021509,0.005481,-0.025441
5.56000,0.001434,0.005967,-0.025765
5.56100,-0.045030,0.010338,-0.000347
5.56200,-0.022203,0.010338,-0.015080
5.56300,0.020376,-0.000023,-0.010870
5.56400,-0.030298,-0.001804,-0.005042
5.56500,0.009043,0.000948,-0.015727
5.56600,0.003862,0.011148,-0.005690
5.56700,0.025718,0.009043,-0.010870
5.56800,-0.002290,0.007424,0.005319
5.56900,0.050003,0.015195,-0.007632
5.57000,0.053403,0.023776,0.008881
5.57100,0.019081,0.020052,-0.000023
5.57200,-0.024308,0.015519,-0.001642
5.57300,0.013414,0.005319,-0.003585
5.57400,0.063117,0.009853,-0.011032
5.57500,0.005319,0.010176,-0.014432
5.57600,0.039642,0.002567,-0.006337
5.57700,0.001920,0.002081,-0.011518
5.57800,0.016490,0.000463,0.000948
5.57900,0.014224,0.009043,-0.009413
5.58000,0.036565,0.011957,-0.006661
5.58100,0.061336,0.024099,0.003539
5.58200,0.024099,0.019404,0.011633
5.58300,-0.016860,0.025395,0.000786
5.58400,-0.095218,0.019243,0.011795
5.58500,-0.184909,0.017138,0.002891
5.58600,-0.079191,0.002081,-0.001318
5.58700,0.050974,0.008719,0.004510
5.58800,0.017300,0.017300,0.001920
5.58900,0.053727,0.013414,0.002729
5.59000,0.025880,0.004996,0.004024
5.59100,0.041908,0.004510,0.002891
5.59200,0.021509,0.010986,0.005967
5.59300,0.004348,0.004510,0.002243
5.59400,-0.008280,0.018595,0.013090
5.59500,-0.029974,0.002567,0.004024
5.59600,-0.063325,0.003862,0.010662
5.59700,-0.001480,0.005643,-0.007470
5.59800,0.062469,0.015843,0.003539
5.59900,-0.079191,0.016328,0.000786
5.60000,-0.069963,0.013576,-0.004556
5.60100,0.053079,0.016005,-0.003585
5.60200,-0.056849,0.003700,0.001920
5.60300,-0.075629,0.007424,-0.000671
5.60400,0.032842,0.004672,0.010986
5.60500,0.039642,0.007586,-0.004233
5.60600,0.028633,0.011148,0.007100
5.60700,0.004348,0.004996,0.032680
5.60800,0.023776,0.002891,0.009367
5.60900,0.016166,-0.001480,0.011633
5.61000,-0.041469,0.015843,-0.001156
5.61100,-0.038393,0.014709,0.006938
5.61200,0.015195,-0.001642,0.007748
5.61300,-0.030136,-0.002452,0.002405
5.61400,-0.031755,0.000786,-0.000185
5.61500,-0.075305,-0.002937,0.001758
5.61600,-0.136502,0.003539,-0.003261
5.61700,-0.040335,0.006291,-0.002937
5.61800,-0.047945,-0.002937,-0.003423
5.61900,-0.015727,-0.010870,-0.005042
5.62000,0.023290,-0.011680,0.003539
5.62100,0.065869,-0.004880,0.001596
5.62200,0.043365,-0.005528,0.001758
5.62300,-0.093438,-0.001318,0.011795
5.62400,-0.026250,0.013738,-0.003099
5.62500,0.113790,0.013252,-0.005366
5.62600,0.037861,0.003539,0.004024
5.62700,0.077849,-0.008927,0.012119
5.62800,0.043365,-0.003423,0.003539
5.62900,0.001110,0.000786,0.005643
5.63000,0.035756,0.003053,0.006938
5.63100,0.036242,-0.012004,0.003053
5.63200,0.038832,-0.013461,0.010986
5.63300,0.001272,-0.006985,0.017624
5.63400,0.025718,-0.009413,0.009367
5.63500,-0.014270,0.004186,0.006938
5.63600,0.025718,-0.000185,0.007424
5.63700,-0.018156,-0.016860,0.006291
5.63800,0.044984,0.000786,-0.001156
5.63900,0.025718,-0.003909,0.002891
5.64000,0.037051,-0.009413,0.006938
5.64100,0.074287,-0.004718,0.010338
5.64200,0.041746,-0.008280,0.018271
5.64300,0.071697,-0.004556,0.006129
5.64400,-0.001156,-0.006661,0.020862
5.64500,-0.052963,-0.013461,-0.002128
5.64600,-0.109303,-0.007470,0.003377
5.64700,-0.080000,-0.012651,0.004834
5.64800,-0.142007,-0.015565,0.003539
5.64900,-0.015565,-0.011842,-0.004394
5.65000,0.034461,-0.009089,0.004186
5.65100,-0.045678,-0.017022,0.003862
5.65200,0.036889,-0.015403,0.001596
5.65300,0.013414,-0.010708,0.017138
5.65400,-0.007632,-0.019613,0.001758
5.65500,0.021509,-0.017022,0.012929
5.65600,-0.015727,-0.007794,0.019566
5.65700,-0.057335,0.004186,0.004996
5.65800,-0.064458,-0.009089,-0.003747
5.65900,-0.036774,-0.010385,0.001920
5.66000,-0.005851,-0.006985,0.003377
5.66100,-0.015080,-0.006337,0.005643
5.66200,0.002567,-0.019775,0.016490
5.66300,-0.014108,-0.031269,0.007100
5.66400,-0.006661,-0.015889,-0.008927
5.66500,-0.004394,-0.012651,-0.007956
5.66600,-0.012327,-0.006175,0.006291
5.66700,-0.043250,-0.014756,0.015195
5.66800,-0.031107,-0.031917,0.007748
5.66900,0.004024,-0.033698,0.008072
5.67000,0.014062,-0.027222,0.012929
5.67100,0.009691,-0.019613,0.005158
5.67200,-0.030460,-0.024308,0.017300
5.67300,0.030090,-0.017346,-0.009899
5.67400,0.003539,-0.012813,0.010338
5.67500,0.018919,-0.015727,0.005158
5.67600,0.000948,-0.005366,0.009367
5.67700,-0.024631,-0.020260,0.009043
5.67800,0.028633,-0.013299,-0.000995
5.67900,-0.009251,-0.011194,-0.006013
5.68000,-0.021394,-0.012651,-0.011032
5.68100,-0.001804,-0.019289,0.023614
5.68200,-0.032726,-0.019936,0.018433
5.68300,-0.023660,-0.020746,0.008395
5.68400,-0.042764,-0.020584,0.017947
5.68500,-0.005528,-0.010223,-0.003909
5.68600,0.074287,-0.010223,-0.000995
5.68700,0.088858,-0.009737,0.005967
5.68800,0.016490,-0.002937,0.025880
5.68900,0.022642,-0.006175,-0.001804
5.69000,0.022157,-0.015403,-0.005851
5.69100,-0.020260,-0.017346,-0.000347
5.69200,0.022804,-0.025927,0.008557
5.69300,-0.008766,-0.001318,-0.007470
5.69400,0.022319,-0.017346,0.006291
5.69500,0.001110,-0.018318,0.009529
5.69600,-0.002290,-0.002290,-0.010385
5.69700,0.015843,-0.003099,0.004996
5.69800,0.021347,-0.015080,-0.006013
5.69900,0.017300,-0.006823,-0.004071
5.70000,0.015681,0.000301,0.001434
5.70100,0.006776,-0.001966,0.000948
5.70200,-0.007632,0.001434,0.001758
5.70300,-0.070772,-0.000023,-0.001804
5.70400,-0.093923,0.006938,-0.007147
5.70500,0.042232,0.002567,-0.008442
5.70600,0.018109,-0.005042,-0.006013
5.70700,0.052431,0.000786,-0.011842
5.70800,0.000463,-0.001642,-0.009575
5.70900,-0.046649,-0.004556,0.003862
5.71000,-0.065268,0.002891,-0.004394
5.71100,-0.064944,-0.001642,0.000624
5.71200,-0.010546,-0.002614,0.005481
5.71300,-0.021879,-0.005851,-0.008604
5.71400,-0.007794,-0.016375,0.002081
5.71500,-0.020260,-0.006661,-0.007309
5.71600,-0.000671,0.000139,-0.000023
5.71700,-0.010061,0.001920,0.005643
5.71800,-0.006337,0.009529,0.001110
5.71900,-0.009413,-0.010061,0.007100
5.72000,-0.018641,-0.015241,-0.007632
5.72100,0.006291,-0.003909,-0.005690
5.72200,-0.000671,0.000301,0.002891
5.72300,-0.044221,-0.007956,-0.012004
5.72400,0.020376,-0.003423,-0.013461
5.72500,-0.008766,-0.011518,-0.015403
5.72600,-0.008118,0.004996,0.006938
5.72700,0.025395,-0.002290,-0.007309
5.72800,-0.047783,0.004672,-0.000185
5.72900,0.004510,0.002891,-0.004880
5.73000,-0.002775,-0.000023,-0.003099
5.73100,0.006291,0.013252,-0.001156
5.73200,-0.004556,-0.000995,-0.004394
5.73300,-0.054259,-0.005528,0.004834
5.73400,0.010338,-0.008927,-0.013299
5.73500,0.011310,-0.009737,-0.002452
5.73600,-0.001318,0.001920,-0.002775
5.73700,0.008234,0.004024,-0.005851
5.73800,0.012767,-0.005042,0.004024
5.73900,0.011795,0.005967,-0.005690
5.74000,0.008072,0.006776,-0.002452
5.74100,-0.003099,0.007910,-0.002290
5.74200,-0.004394,-0.000671,0.000948
5.74300,0.005967,-0.002937,-0.006175
5.74400,0.011633,0.010500,-0.012489
5.74500,-0.001318,0.011795,-0.006013
5.74600,0.000301,-0.000347,-0.004071
5.74700,-0.006661,0.006453,0.001596
5.74800,0.000786,-0.002775,-0.001156
5.74900,0.019728,-0.006499,-0.002614
5.75000,0.014871,-0.005042,-0.003099
5.75100,0.036565,-0.000509,-0.003747
5.75200,0.056964,0.006615,-0.002452
5.75300,0.091934,-0.001642,-0.000995
5.75400,0.053403,0.008881,-0.013137
5.75500,0.010824,0.009529,-0.000833
5.75600,0.050489,0.003215,-0.000023
5.75700,0.013738,0.011795,0.003053
5.75800,-0.008118,-0.004880,0.004186
5.75900,0.026528,0.000139,-0.009575
5.76000,0.026852,-0.003099,-0.001480
5.76100,-0.059601,0.009529,-0.001642
5.76200,-0.032079,0.005643,0.014062
5.76300,0.060526,-0.005204,0.001920
5.76400,-0.050049,-0.000023,-0.005042
5.76500,-0.159330,-0.004071,0.000139
5.76600,-0.090523,-0.004394,0.002567
5.76700,-0.027222,-0.008442,0.003700
5.76800,-0.084371,0.000139,0.014224
5.76900,-0.038878,-0.003099,-0.002452
5.77000,-0.012327,-0.004718,-0.000671
5.77100,-0.008604,0.003377,-0.005204
5.77200,0.032356,-0.002937,-0.009413
5.77300,0.075421,0.002729,-0.002775
5.77400,0.105857,-0.003099,-0.001480
5.77500,0.093067,-0.007147,-0.002290
5.77600,0.037861,-0.006499,0.007262
5.77700,-0.123550,-0.002290,0.002729
5.77800,-0.210327,0.001758,0.001920
5.77900,-0.187014,-0.001480,-0.013623
5.78000,-0.047297,-0.010385,-0.003261
5.78100,0.023128,-0.000833,-0.005366
5.78200,-0.009251,0.000139,0.011633
5.78300,0.010176,0.003700,-0.006661
5.78400,0.041422,0.002243,-0.011518
5.78500,0.015033,0.003377,-0.004718
5.78600,0.033813,0.001434,-0.007794
5.78700,0.021671,0.007424,-0.007309
5.78800,0.003700,-0.008280,-0.001156
5.78900,0.045146,-0.003099,-0.006985
5.79000,0.020538,0.002891,-0.016375
5.79100,0.016328,-0.002775,0.002729
5.79200,0.001596,0.006776,0.010176
5.79300,-0.023984,0.013576,0.002243
5.79400,-0.032079,0.014709,-0.013299
5.79500,-0.075467,0.006615,-0.003423
5.79600,-0.009737,0.008234,-0.019451
5.79700,0.002567,0.005643,-0.003909
5.79800,-0.041307,0.005967,-0.001966
5.79900,0.044984,-0.000347,0.003377
5.80000,0.068297,-0.000185,0.016166
5.80100,0.064412,0.002729,0.036565
5.80200,0.082382,0.007586,-0.000347
5.80300,0.144227,0.009853,0.008234
5.80400,0.143094,0.001110,0.002081
5.80500,0.093877,0.008234,-0.004880
5.80600,0.089182,-0.006985,-0.012975
5.80700,0.063602,-0.003099,-0.014432
5.80800,-0.010223,-0.007470,-0.018965
5.80900,-0.129379,0.005967,-0.020422
5.81000,-0.031755,0.014062,-0.017184
5.81100,0.078173,0.018595,0.007910
5.81200,0.066840,0.003053,0.007262
5.81300,0.035918,-0.006175,0.002729
5.81400,-0.191547,-0.008442,-0.002290
5.81500,-0.167586,-0.016051,0.003215
5.81600,0.067488,-0.041307,-0.006823
5.81700,0.083192,-0.015241,0.001434
5.81800,0.117676,0.038346,-0.008280
5.81900,0.113466,0.044822,-0.008280
5.82000,-0.027222,-0.021070,-0.020260
5.82100,-0.105094,-0.004880,-0.013784
5.82200,-0.073686,-0.008927,-0.013461
5.82300,-0.013461,-0.023822,-0.008280
5.82400,0.047089,-0.008118,0.000139
5.82500,0.036727,-0.029488,-0.003423
5.82600,0.048060,-0.023660,0.014709
5.82700,0.054050,-0.023498,-0.004233
5.82800,0.029280,-0.002452,-0.007794
5.82900,-0.101209,-0.005204,-0.017508
5.83000,-0.198185,-0.015727,-0.024146
5.83100,-0.020422,-0.006175,-0.014108
5.83200,0.053403,-0.009575,-0.002775
5.83300,0.021185,-0.010223,0.011148
5.83400,0.043689,-0.020908,-0.002937
5.83500,-0.004071,-0.025441,-0.004233
5.83600,0.027337,-0.023498,-0.019127
5.83700,0.061659,-0.020746,0.000463
5.83800,-0.007309,-0.014918,-0.002614
5.83900,-0.002614,-0.020260,-0.001156
5.84000,0.066840,-0.019127,-0.006337
5.84100,0.066031,-0.003423,-0.007309
5.84200,0.072507,-0.000509,-0.007794
5.84300,-0.045030,0.005481,-0.011518
5.84400,-0.229269,0.010338,0.002891
5.84500,-0.149454,0.008234,0.001434
5.84600,-0.070448,0.009529,0.010500
5.84700,-0.143626,0.014386,0.025556
5.84800,-0.126788,0.011471,0.024909
5.84900,-0.131645,0.007262,0.005481
5.85000,-0.081781,0.006615,0.008072
5.85100,-0.072067,-0.000509,-0.010708
5.85200,-0.016213,0.003053,-0.023174
5.85300,0.023614,0.008881,-0.040174
5.85400,0.095172,0.013576,-0.033374
5.85500,0.138884,0.018433,-0.034183
5.85600,0.062793,0.006291,-0.021879
5.85700,0.095496,0.006776,-0.016375
5.85800,0.162683,-0.010708,0.008234
5.85900,0.140179,-0.006661,0.010014
5.86000,0.091772,-0.003585,0.016652
5.86100,0.016005,-0.004556,0.011310
5.86200,0.150055,-0.002614,-0.005528
5.86300,0.223880,-0.000671,-0.030298
5.86400,-0.005528,0.003377,-0.018965
5.86500,0.099220,0.012605,0.001434
5.86600,0.085782,0.018919,0.026852
5.86700,-0.225222,0.010338,0.020700
5.86800,-0.324464,0.006291,0.005805
5.86900,-0.216965,-0.009575,-0.015403
5.87000,0.030737,-0.014270,-0.035479
5.87100,0.130789,-0.004233,-0.046164
5.87200,0.071211,-0.001480,-0.046811
5.87300,-0.092466,0.004672,-0.010546
5.87400,0.018271,0.017300,-0.005851
5.87500,0.120914,0.024585,-0.020746
5.87600,-0.211460,0.008234,0.000463
5.87700,0.030090,0.007910,0.019404
5.87800,0.238127,0.008234,0.061498
5.87900,-0.134236,0.000463,0.071373
5.88000,-0.062030,-0.004880,0.051136
5.88100,0.072830,-0.004718,-0.000185
5.88200,0.068621,-0.007309,-0.030136
5.88300,0.037051,-0.000347,-0.029812
5.88400,0.048546,0.006129,-0.035155
5.88500,-0.066563,0.007262,-0.010385
5.88600,-0.179081,-0.000509,-0.006175
5.88700,-0.118046,-0.014918,0.009205
5.88800,-0.073201,-0.002775,0.007262
5.88900,-0.006499,-0.003261,-0.001480
5.89000,0.057288,-0.000347,-0.015403
5.89100,0.028309,-0.003909,0.013252
5.89200,0.080278,-0.012004,0.028633
5.89300,0.153779,0.000624,0.021347
5.89400,0.091610,-0.002775,0.008234
5.89500,-0.269905,-0.000023,0.016976
5.89600,-0.425002,0.004348,0.033975
5.89700,-0.101532,-0.004394,0.047736
5.89800,0.227766,0.000463,0.058260
5.89900,0.200729,-0.004233,0.017300
5.90000,0.015843,-0.003423,-0.013461
5.90100,0.058422,0.000624,-0.004071
5.90200,-0.067696,0.000624,0.009205
5.90300,-0.011356,-0.005204,0.002405
5.90400,0.043041,-0.003423,0.001110
5.90500,0.071697,0.003053,-0.003423
5.90600,0.060364,0.005481,0.001758
5.90700,-0.029650,0.002567,0.012767
5.90800,0.088858,0.022642,0.044822
5.90900,0.136618,0.018595,0.058907
5.91000,0.011795,0.014871,0.056155
5.91100,-0.254849,0.004348,-0.007632
5.91200,-0.121446,-0.011518,-0.014756
5.91300,0.130466,-0.009737,-0.018965
5.91400,0.065059,-0.006985,-0.000671
5.91500,0.141960,-0.011680,-0.004556
5.91600,0.038184,0.005319,-0.000023
5.91700,-0.038393,0.008881,-0.010385
5.91800,-0.010385,0.008719,-0.003261
5.91900,-0.029165,0.006129,0.005643
5.92000,0.060202,0.002243,0.024423
5.92100,0.045146,-0.003909,0.018271
5.92200,0.046927,-0.000023,0.020214
5.92300,0.104238,-0.001804,0.005481
5.92400,0.188425,-0.000347,0.030737
5.92500,0.093877,0.000948,0.012929
5.92600,-0.012165,0.001758,0.016328
5.92700,-0.056525,0.000301,0.015681
5.92800,-0.109627,-0.004880,0.031223
5.92900,-0.195756,-0.004556,0.015681
5.93000,-0.116265,-0.013137,0.008719
5.93100,0.033004,-0.010546,-0.016213
5.93200,-0.004718,-0.026898,-0.022527
5.93300,-0.074172,-0.033860,-0.016375
5.93400,-0.112865,-0.030622,-0.008766
5.93500,-0.062839,-0.028031,0.015519
5.93600,-0.110113,-0.027546,0.026366
5.93700,-0.068344,-0.017832,0.039318
5.93800,-0.040174,-0.018156,0.021023
5.93900,-0.014432,-0.010385,0.023614
5.94000,0.030090,-0.005690,0.026852
5.94100,0.015843,-0.017184,0.019728
5.94200,0.067002,-0.008927,-0.016537
5.94300,0.022966,-0.000509,-0.032241
5.94400,0.010824,-0.001480,-0.024793
5.94500,0.040775,0.005967,-0.008118
5.94600,0.001272,0.005481,-0.006661
5.94700,-0.030622,0.005805,0.029118
5.94800,-0.114808,0.017462,0.022804
5.94900,-0.010385,0.019566,0.013252
5.95000,0.043851,0.012281,-0.003747
5.95100,0.063926,0.019081,-0.022689
5.95200,0.079468,0.030899,-0.039526
5.95300,0.080116,0.028147,-0.016860
5.95400,0.169483,0.024099,-0.008604
5.95500,0.109095,0.011310,0.002567
5.95600,-0.035640,0.013414,-0.012489
5.95700,-0.108494,-0.006013,0.005319
5.95800,-0.103151,-0.000833,-0.000185
5.95900,-0.134883,-0.021232,-0.000185
5.96000,-0.138607,-0.014918,0.009205
5.96100,-0.116751,-0.004071,0.024585
5.96200,-0.000671,-0.002937,-0.019289
5.96300,0.077202,-0.006661,-0.054097
5.96400,0.058422,-0.003423,-0.069315
5.96500,0.029118,-0.002452,-0.035155
5.96600,-0.127760,0.011633,-0.003747
5.96700,-0.252744,0.007100,0.002891
5.96800,-0.162406,-0.000833,0.022319
5.96900,0.047736,0.011957,0.031223
5.97000,0.123504,0.014224,0.020052
5.97100,0.111524,-0.002128,0.021995
5.97200,0.156855,-0.016375,0.009529
5.97300,0.138075,-0.020908,-0.021879
5.97400,-0.024631,0.006776,-0.063163
5.97500,-0.131969,0.006776,-0.052963
5.97600,-0.055230,0.000786,-0.024308
5.97700,-0.080648,0.003862,-0.013299
5.97800,-0.194947,0.000624,-0.015403
5.97900,0.126742,0.013414,0.006453
5.98000,0.416375,0.015357,0.002567
5.98100,0.068135,0.011471,-0.024146
5.98200,-0.160625,0.013252,-0.001156
5.98300,0.063764,0.018919,0.001596
5.98400,0.054536,0.014709,0.004672
5.98500,-0.056363,0.010500,0.015681
5.98600,0.082868,0.011471,-0.020098
5.98700,0.099543,0.018757,-0.041469
5.98800,-0.007147,0.000786,-0.063163
5.98900,-0.013461,-0.006499,-0.061220
5.99000,-0.020908,0.002243,-0.062353
5.99100,0.002891,0.009367,-0.038555
5.99200,-0.022689,0.011957,-0.022851
5.99300,-0.020422,0.000624,-0.017508
5.99400,-0.020098,0.002567,-0.002937
5.99500,0.001434,0.007586,0.015519
5.99600,0.019081,-0.008604,-0.001480
5.99700,-0.004880,-0.003747,-0.000671
5.99800,0.052269,0.003053,-0.003585
5.99900,0.002081,-0.007309,-0.014270
6.00000,0.027175,-0.000995,-0.002290
6.00100,-0.028355,-0.003585,0.003053
6.00200,-0.018965,-0.011194,0.014709
6.00300,-0.017346,-0.017184,0.016976
6.00400,-0.035964,-0.008118,-0.002614
6.00500,-0.004071,0.002891,-0.032241
6.00600,-0.043412,0.001920,-0.029488
6.00700,-0.008766,-0.003423,-0.011680
6.00800,-0.025765,-0.009899,-0.024793
6.00900,-0.018641,-0.013784,-0.034507
6.01000,-0.022041,-0.012004,-0.015727
6.01100,-0.012004,-0.005851,-0.005042
6.01200,-0.021394,-0.012165,0.007748
6.01300,-0.009089,0.002891,0.012605
6.01400,-0.006499,0.005805,0.037213
6.01500,-0.017184,-0.002290,0.022319
6.01600,0.008881,-0.002614,0.033166
6.01700,-0.018318,0.007748,0.010824
6.01800,-0.016537,-0.000347,-0.015889
6.01900,-0.025279,0.011310,-0.036774
6.02000,-0.019451,0.015033,-0.014756
6.02100,-0.019613,0.020538,-0.022527
6.02200,-0.013461,0.015681,-0.014756
6.02300,-0.022203,0.011310,-0.001966
6.02400,-0.014594,0.003539,0.009205
6.02500,-0.018156,0.007910,-0.000509
6.02600,-0.022527,0.021023,-0.012975
6.02700,-0.005366,-0.000023,-0.001804
6.02800,-0.014270,0.000463,-0.001804
6.02900,-0.012004,0.015195,0.005319
6.03000,-0.020260,0.017947,0.033813
6.03100,0.018595,0.012929,0.027985
6.03200,0.005967,-0.006661,0.025556
6.03300,-0.030298,-0.031593,0.010338
6.03400,0.028633,-0.039364,-0.003585
6.03500,-0.035964,-0.021394,0.006129
6.03600,-0.006337,-0.023498,-0.013784
6.03700,-0.008927,-0.014270,-0.005528
6.03800,-0.042278,-0.003585,-0.012165
6.03900,-0.000671,-0.005851,0.001434
6.04000,-0.018803,-0.019127,0.000301
6.04100,0.001596,0.004996,-0.008280
6.04200,-0.014432,0.001110,-0.004556
6.04300,0.003053,0.003377,-0.010061
6.04400,-0.012651,-0.004718,0.015195
6.04500,-0.011518,0.013738,0.019890
6.04600,-0.008280,0.000463,0.023128
6.04700,-0.012004,-0.010223,0.019890
6.04800,-0.019127,0.023452,0.030899
6.04900,0.004510,0.009853,0.012929
6.05000,0.012443,0.000301,0.001596
6.05100,-0.016860,-0.022689,0.002081
6.05200,-0.032564,-0.025441,0.006615
6.05300,0.007586,0.008395,-0.009575
6.05400,-0.002452,0.033975,-0.014918
6.05500,-0.013784,0.018109,0.017785
6.05600,-0.001156,0.005158,0.046927
6.05700,-0.011842,0.004024,0.044822
6.05800,-0.012489,-0.037907,0.015195
6.05900,-0.010223,-0.012165,0.005319
6.06000,-0.001318,0.026042,0.027661
6.06100,-0.005042,-0.000509,0.018109
6.06200,-0.001156,-0.001156,0.011795
6.06300,-0.014270,-0.031431,0.012929
6.06400,-0.006661,-0.014756,-0.002775
6.06500,-0.012813,0.006938,-0.022689
6.06600,-0.000995,0.001920,-0.027222
6.06700,-0.011680,-0.013137,-0.029974
6.06800,-0.017508,-0.005366,-0.012004
6.06900,-0.003099,0.003377,-0.012165
6.07000,0.004024,-0.000023,-0.003423
6.07100,0.006453,0.002567,-0.014270
6.07200,0.003053,-0.004880,0.008557
6.07300,-0.004233,-0.000023,0.015519
6.07400,0.006291,-0.004394,0.015843
6.07500,-0.001156,-0.004071,0.016652
6.07600,-0.006661,-0.004718,0.002405
6.07700,0.000786,-0.010546,-0.019127
6.07800,-0.019451,0.003539,-0.014594
6.07900,0.016490,0.011633,-0.012489
6.08000,-0.009575,-0.008118,-0.015889
6.08100,0.005967,-0.016051,-0.014432
6.08200,-0.024793,0.009043,-0.004718
6.08300,0.009529,0.002729,-0.017670
6.08400,0.022642,0.015033,-0.014594
6.08500,-0.041307,0.012605,-0.007632
6.08600,0.018271,0.000139,-0.008604
6.08700,-0.010546,-0.015241,-0.001966
6.08800,0.013576,-0.029003,0.000139
6.08900,0.005158,-0.024308,-0.001642
6.09000,0.007748,-0.005528,0.002405
6.09100,0.017947,0.013414,0.010176
6.09200,0.004348,-0.016375,-0.003261
6.09300,0.018757,-0.075467,0.001110
6.09400,0.017300,-0.117722,-0.005690
6.09500,0.007262,-0.110922,-0.002452
6.09600,-0.020584,-0.035802,0.001272
6.09700,0.015681,0.039480,-0.002614
6.09800,0.010338,0.079954,-0.005366
6.09900,0.014709,0.047898,-0.007147
6.10000,0.022480,-0.029812,-0.003099
6.10100,0.018757,0.004672,-0.008280
6.10200,0.013414,-0.002290,0.008395
6.10300,0.007748,0.043851,-0.007147
6.10400,0.025718,0.073802,0.003215
6.10500,0.016005,-0.002290,-0.002128
6.10600,0.031385,0.013738,0.001758
6.10700,-0.004233,-0.015241,-0.002128
6.10800,0.008395,-0.005204,0.001758
6.10900,-0.007956,-0.012327,-0.014756
6.11000,0.010338,-0.007632,-0.004394
6.11100,0.017300,-0.003747,-0.004233
6.11200,0.008395,-0.036612,-0.003261
6.11300,0.014871,-0.052316,0.003700
6.11400,0.008234,-0.028193,-0.002614
6.11500,0.010824,-0.028517,0.003862
6.11600,0.008881,-0.013946,0.000624
6.11700,-0.007794,0.144389,-0.002775
6.11800,-0.001480,0.147303,0.005481
6.11900,0.008072,0.012605,-0.005204
6.12000,-0.002290,0.086592,0.002567
6.12100,0.021185,0.037375,0.005805
6.12200,0.006615,-0.043088,0.004510
6.12300,-0.000671,-0.098780,0.005643
6.12400,-0.009251,-0.205956,0.007748
6.12500,0.000786,-0.266343,0.001920
6.12600,0.008719,-0.292409,0.000786
6.12700,0.009529,-0.217451,0.000624
6.12800,-0.001966,-0.170662,0.007100
6.12900,-0.004556,-0.119989,0.002405
6.13000,0.003053,-0.006823,0.010176
6.13100,0.002729,0.091287,0.011633
6.13200,-0.000347,0.269049,0.012281
6.13300,-0.003423,0.372015,0.008072
6.13400,0.003700,0.247517,0.005481
6.13500,0.004348,0.121885,0.007910
6.13600,0.011633,0.169806,0.011148
6.13700,0.012767,0.101648,0.014386
6.13800,-0.011356,0.087239,0.007910
6.13900,0.002081,0.026042,0.004510
6.14000,0.007586,0.000463,0.009205
6.14100,-0.032403,0.004186,-0.004556
6.14200,0.033651,-0.043250,0.010176
6.14300,-0.001804,0.030737,0.008881
6.14400,-0.006661,-0.009089,0.016814
6.14500,0.005481,0.003377,0.004510
6.14600,-0.012651,0.007424,0.012443
6.14700,0.014224,-0.061706,0.005967
6.14800,-0.016699,-0.094085,0.000301
6.14900,0.018271,-0.056201,-0.011680
6.15000,0.000139,-0.011032,0.001110
6.15100,-0.004718,0.086268,0.011471
6.15200,0.012281,0.092906,-0.003423
6.15300,-0.026898,0.010986,0.004996
6.15400,0.002729,-0.034669,0.007424
6.15500,-0.003909,-0.007632,0.005481
6.15600,-0.006499,0.000786,0.006129
6.15700,0.001758,-0.031593,-0.005042
6.15800,0.006776,0.049032,-0.006337
6.15900,0.006615,-0.005851,-0.022365
6.16000,-0.016860,-0.115941,-0.001318
6.16100,0.004348,-0.040012,0.010662
6.16200,0.001758,0.001434,0.010986
6.16300,0.014386,0.056479,0.010662
6.16400,-0.001804,0.118323,0.003053
6.16500,0.000139,0.054374,0.014709
6.16600,-0.004718,-0.031431,0.016328
6.16700,-0.011032,-0.091009,-0.000185
6.16800,-0.016699,-0.164348,-0.000509
6.16900,-0.006499,-0.230888,-0.011680
6.17000,0.001920,-0.120312,-0.008118
6.17100,-0.017184,0.033004,-0.008927
6.17200,0.008234,0.169968,-0.000995
6.17300,-0.021070,0.023452,0.005967
6.17400,0.005158,-0.035317,0.001920
6.17500,0.024585,0.141960,0.001110
6.17600,-0.003747,-0.053287,0.017624
6.17700,0.003377,-0.098618,0.008557
6.17800,-0.013299,-0.085667,-0.002775
6.17900,0.022642,-0.090847,-0.002290
6.18000,-0.006337,-0.017832,0.001434
6.18100,0.014548,-0.241087,-0.003585
6.18200,-0.005851,-0.142978,-0.009737
6.18300,-0.007470,0.170130,0.006615
6.18400,-0.007470,0.252212,-0.004880
6.18500,-0.011356,-0.023660,-0.008604
6.18600,0.015357,-0.007632,-0.016375
6.18700,0.009205,0.278115,0.001758
6.18800,0.026204,0.088696,-0.002614
6.18900,-0.008927,0.069269,-0.025603
6.19000,-0.005204,0.067488,-0.009089
6.19100,-0.006823,0.082058,-0.005204
6.19200,-0.011842,0.101000,-0.003909
6.19300,0.010500,0.044660,-0.001480
6.19400,-0.000833,0.007262,-0.011680
6.19500,-0.013299,-0.069315,-0.006661
6.19600,-0.010061,-0.079029,-0.000023
6.19700,-0.017022,-0.066563,0.001434
6.19800,-0.003423,0.012605,-0.008442
6.19900,-0.022365,0.052269,0.001920
6.20000,-0.030460,0.164950,-0.003099
6.20100,0.001110,0.133380,0.005481
6.20200,-0.011194,0.005319,0.005967
6.20300,0.007748,-0.116589,0.006938
6.20400,-0.023336,-0.230402,0.010662
6.20500,-0.007470,-0.115456,-0.000509
6.20600,0.006615,-0.059763,0.004510
6.20700,-0.004880,0.055507,0.002405
6.20800,0.003539,0.185672,-0.008766
6.20900,0.001920,0.093715,-0.012327
6.21000,0.019728,0.024261,-0.013461
6.21100,-0.007147,0.035756,0.012119
6.21200,0.011471,0.047574,0.005158
6.21300,0.010338,-0.062839,-0.000671
6.21400,0.002891,-0.107361,-0.000347
6.21500,-0.006499,-0.261972,-0.000671
6.21600,-0.006661,-0.536064,-0.002937
6.21700,0.000139,-0.452849,0.001758
6.21800,-0.014270,-0.264724,0.005481
6.21900,-0.015565,-0.120312,-0.011680
6.22000,-0.012327,0.334294,-0.004394
6.22100,-0.003747,0.311628,-0.003261
6.22200,-0.015241,-0.008766,-0.006337
6.22300,-0.017022,0.299971,0.004348
6.22400,0.027337,0.203967,-0.006175
6.22500,0.003539,0.076068,0.003215
6.22600,0.020862,0.107476,0.006291
6.22700,0.007910,0.117028,0.003377
6.22800,-0.001480,0.193929,0.003700
6.22900,0.011633,0.061659,0.002891
6.23000,0.004348,0.133056,-0.004556
6.23100,0.004996,0.008072,-0.002128
6.23200,0.028956,-0.063325,0.014871
6.23300,-0.010385,0.019566,0.020376
6.23400,-0.002775,0.101972,0.001434
6.23500,0.005643,0.114438,-0.001804
6.23600,-0.001318,0.011633,-0.001318
6.23700,0.000463,-0.032403,0.010824
6.23800,-0.012489,-0.051992,-0.005366
6.23900,0.011148,-0.071420,0.008719
6.24000,-0.012327,-0.084209,-0.007147
6.24100,-0.009575,-0.031107,-0.004071
6.24200,-0.011518,0.050327,-0.003423
6.24300,-0.001642,0.069592,0.004024
6.24400,-0.007470,0.070888,-0.007794
6.24500,0.009043,0.100191,-0.006661
6.24600,0.007748,0.024585,0.000948
6.24700,-0.001156,-0.099428,0.017785
6.24800,-0.030298,-0.062192,0.016328
6.24900,-0.015565,-0.041307,0.016490
6.25000,0.007100,-0.038878,0.000624
6.25100,0.010500,0.029442,0.006938
6.25200,0.013090,-0.037583,0.000948
6.25300,0.007262,-0.102018,-0.004394
6.25400,-0.002614,-0.154473,-0.006985
6.25500,-0.011842,-0.111084,-0.011356
6.25600,-0.007632,0.040775,0.010338
6.25700,-0.000671,0.028147,0.019566
6.25800,0.011957,-0.160949,-0.014270
6.25900,0.000624,-0.155930,-0.026574
6.26000,0.000139,-0.034831,0.000948
6.26100,-0.009251,-0.037907,0.000139
6.26200,-0.021717,-0.135045,0.020862
6.26300,-0.012975,0.087401,0.017624
6.26400,-0.001318,0.185349,0.021995
6.26500,0.013738,0.060526,0.011633
6.26600,-0.012813,0.026042,-0.002614
6.26700,0.006291,-0.193004,0.006776
6.26800,0.022480,-0.184100,0.004510
6.26900,0.010986,-0.224574,0.015519
6.27000,0.019566,-0.116913,0.003862
6.27100,-0.006013,-0.054744,0.014062
6.27200,-0.009251,0.071049,0.014871
6.27300,-0.024793,0.035270,0.004510
6.27400,-0.003747,-0.157063,0.018919
6.27500,-0.013137,-0.007470,0.011633
6.27600,-0.014108,0.139856,0.020538
6.27700,0.006615,0.392576,0.001596
6.27800,0.008719,0.258688,-0.004880
6.27900,0.019243,-0.019451,0.004024
6.28000,0.012605,-0.060573,-0.023174
6.28100,0.037861,-0.205632,-0.038717
6.28200,-0.024955,-0.245621,-0.031593
6.28300,0.012605,0.056479,-0.018965
6.28400,-0.034022,0.418804,-0.016699
6.28500,-0.020746,0.193929,-0.000023
6.28600,0.023128,0.120752,0.002081
6.28700,-0.041954,0.255450,-0.023822
6.28800,0.033651,0.158150,0.003053
6.28900,0.008881,-0.185233,0.012767
6.29000,-0.000995,-0.467581,0.013738
6.29100,-0.030460,-0.398613,0.006291
6.29200,-0.001318,-0.195271,0.015681
6.29300,0.024909,0.393386,0.033166
6.29400,0.027823,0.288962,0.030413
6.29500,0.025395,-0.086152,0.024423
6.29600,-0.006175,0.141798,0.014871
6.29700,0.011957,0.065383,0.001758
6.29800,0.011795,0.123828,0.005158
6.29900,-0.013137,0.084973,0.010986
6.30000,0.000948,0.042232,0.002405
6.30100,0.001434,-0.104123,-0.003261
6.30200,-0.000185,-0.417879,0.004186
6.30300,-0.002937,-0.279295,0.008719
6.30400,0.001272,-0.096837,0.011471
6.30500,-0.012327,0.033651,0.008881
6.30600,-0.011356,-0.091171,0.014386
6.30700,0.017138,-0.237040,0.014386
6.30800,0.014062,-0.006175,0.018595
6.30900,-0.015241,0.160416,0.005319
6.31000,-0.047459,0.033004,0.005158
6.31100,-0.027708,0.080601,0.005805
6.31200,-0.013946,0.080439,0.008557
6.31300,0.015519,0.256583,0.001434
6.31400,0.028956,0.209633,-0.002775
6.31500,0.013900,-0.111894,0.001110
6.31600,0.018919,-0.187014,0.007586
6.31700,-0.003261,-0.178433,0.003215
6.31800,-0.034507,0.045146,0.024099
6.31900,-0.031431,0.327980,0.059069
6.32000,0.012443,0.296895,0.064088
6.32100,0.023614,0.056155,0.032194
6.32200,0.021833,0.165921,0.008395
6.32300,0.008395,0.007100,-0.020260
6.32400,-0.011680,-0.179567,-0.027060
6.32500,-0.037098,-0.186043,-0.008442
6.32600,-0.042764,-0.270229,-0.018965
6.32700,-0.011518,-0.066887,-0.040174
6.32800,0.009691,0.187615,-0.020260
6.32900,0.018271,0.220642,-0.010385
6.33000,-0.012004,0.179682,-0.010385
6.33100,-0.021232,0.168835,0.003700
6.33200,0.004024,-0.014270,0.010014
6.33300,0.042879,-0.074496,-0.004556
6.33400,0.028309,-0.143140,-0.009737
6.33500,-0.004880,-0.195109,-0.006661
6.33600,-0.041145,0.025880,0.006938
6.33700,-0.058792,-0.156254,0.001920
6.33800,-0.042764,-0.580747,-0.000995
6.33900,-0.004718,-0.331102,0.008072
6.34000,-0.005042,-0.128245,-0.001804
6.34100,0.002891,-0.207251,-0.003585
6.34200,-0.018641,0.211738,0.009043
6.34300,-0.027869,0.195710,0.007586
6.34400,0.001920,0.071859,-0.010223
6.34500,-0.016860,0.146331,0.007100
6.34600,-0.010061,0.150379,-0.004394
6.34700,0.016328,0.091125,-0.001480
6.34800,0.017624,0.171749,0.011148
6.34900,-0.006175,0.167702,0.007424
6.35000,0.013090,-0.002614,0.000301
6.35100,0.014386,0.129170,-0.017184
6.35200,0.021995,0.052755,-0.000023
6.35300,0.032194,-0.086638,-0.007309
6.35400,-0.003423,-0.070610,-0.017994
6.35500,0.003053,-0.044059,-0.009089
6.35600,0.002405,0.074449,-0.003261
6.35700,0.032032,0.126094,-0.005690
6.35800,0.008072,0.049355,-0.000023
6.35900,-0.009413,0.056803,-0.012489
6.36000,-0.019936,0.103267,-0.005366
6.36100,-0.017508,0.051460,-0.010223
6.36200,0.010662,-0.097161,-0.000185
6.36300,-0.021232,-0.055068,0.007586
6.36400,0.007262,0.013090,-0.004233
6.36500,-0.006499,0.006776,-0.004394
6.36600,0.011957,0.036404,-0.012327
6.36700,0.017462,-0.027384,-0.021232
6.36800,0.028309,-0.162244,-0.046326
6.36900,-0.006013,-0.290790,-0.066239
6.37000,-0.052154,-0.349720,-0.051344
6.37100,-0.037583,-0.209518,-0.038717
6.37200,-0.025603,0.141313,-0.013137
6.37300,-0.009413,0.244765,0.006615
6.37400,0.005967,0.071859,0.030090
6.37500,0.028309,0.102457,0.027823
6.37600,0.008881,0.011310,0.021347
6.37700,0.030575,-0.052478,-0.002775
6.37800,0.013576,-0.012327,-0.005528
6.37900,-0.014918,-0.039850,-0.047459
6.38000,-0.009251,0.029928,-0.060411
6.38100,-0.035640,-0.051021,-0.033212
6.38200,-0.021232,-0.122579,-0.010546
6.38300,-0.003909,-0.190252,0.034137
6.38400,0.008072,-0.121608,0.068783
6.38500,0.030737,0.073964,0.072668
6.38600,0.037861,0.253831,0.078821
6.38700,0.029766,0.088211,0.068945
6.38800,-0.025603,-0.152692,0.049679
6.38900,-0.050373,-0.206118,0.033166
6.39000,-0.034669,-0.318150,0.003215
6.39100,-0.010546,-0.064782,0.011633
6.39200,-0.004556,0.111362,-0.013461
6.39300,-0.004880,0.140827,-0.041954
6.39400,0.019081,-0.019451,-0.049564
6.39500,-0.017184,-0.201585,-0.043897
6.39600,-0.012651,0.012281,-0.043735
6.39700,0.000624,0.241689,-0.019127
6.39800,-0.037745,0.342874,-0.007956
6.39900,0.066354,0.093229,0.003377
6.40000,-0.005204,-0.007794,0.029118
6.40100,-0.034022,-0.035964,0.096143
6.40200,0.033975,-0.019451,0.101972
6.40300,-0.011518,0.044013,0.062631
6.40400,-0.016213,0.013090,0.009529
6.40500,0.002567,0.135646,-0.016860
6.40600,0.013090,0.103105,-0.014270
6.40700,-0.015727,0.021995,-0.026574
6.40800,-0.013299,0.075583,-0.021070
6.40900,0.022157,0.009367,-0.015727
6.41000,0.042556,-0.070934,-0.010870
6.41100,0.009367,-0.027384,0.012929
6.41200,0.036242,0.028956,0.000301
6.41300,0.012281,0.013738,0.000786
6.41400,-0.004880,0.007748,-0.001480
6.41500,-0.029326,0.019566,-0.014432
6.41600,-0.022203,0.015195,-0.000671
6.41700,0.002243,-0.020098,-0.001318
6.41800,-0.030622,-0.065106,-0.000347
6.41900,-0.021070,-0.060087,-0.003909
6.42000,-0.008927,0.003377,0.009043
6.42100,0.012281,-0.007632,-0.010708
6.42200,0.001758,-0.105742,0.004024
6.42300,-0.005690,-0.076277,-0.008766
6.42400,0.003053,-0.010708,-0.011518
6.42500,0.033975,0.016328,-0.001480
6.42600,0.027337,0.016166,0.002243
6.42700,-0.001156,-0.012327,-0.006823
6.42800,-0.007309,-0.063972,0.006453
6.42900,0.007262,-0.099913,-0.000671
6.43000,-0.009737,-0.118370,-0.016537
6.43100,-0.025117,-0.043412,-0.013946
6.43200,-0.013946,0.185349,0.004672
6.43300,-0.014756,0.152322,-0.016537
6.43400,-0.010546,0.001596,-0.024955
6.43500,-0.015080,0.013900,-0.055392
6.43600,-0.004556,-0.055392,-0.017184
6.43700,-0.003747,-0.027060,-0.017994
6.43800,-0.001642,0.007910,0.000463
6.43900,0.001434,-0.001156,0.004024
6.44000,0.002567,0.015519,0.026042
6.44100,0.025880,-0.008118,0.026528
6.44200,0.016976,-0.012327,0.027337
6.44300,0.010176,-0.004880,0.030413
6.44400,0.015033,0.008395,0.025718
6.44500,0.010014,-0.002775,0.003053
6.44600,0.023776,-0.002775,0.008395
6.44700,0.017138,-0.014432,0.005481
6.44800,0.021509,-0.009251,0.011310
6.44900,0.007100,0.037051,0.019404
6.45000,0.002567,0.029118,-0.003585
6.45100,0.006776,-0.001804,0.008557
6.45200,0.012767,-0.022203,-0.008927
6.45300,0.009529,-0.012004,-0.014756
6.45400,-0.010223,-0.009089,-0.008118
6.45500,-0.006661,-0.003261,-0.001642
6.45600,-0.009251,-0.002614,-0.001480
6.45700,-0.003423,-0.003423,0.000948
6.45800,-0.011680,-0.000023,0.003377
6.45900,0.002081,0.006453,-0.010708
6.46000,0.009853,0.003377,-0.002614
6.46100,-0.011518,-0.006175,-0.000995
6.46200,0.014386,-0.008118,-0.002452
6.46300,0.014224,-0.009575,-0.001156
6.46400,0.012281,0.001758,-0.007794
6.46500,0.011471,-0.006823,-0.004880
6.46600,0.017300,-0.001966,-0.014270
6.46700,-0.005851,0.009529,0.000301
6.46800,0.000624,0.008072,-0.004071
6.46900,0.015357,0.002729,0.001434
6.47000,-0.014918,-0.017832,-0.006499
6.47100,-0.012004,-0.008118,0.000948
6.47200,0.007424,0.002405,-0.002452
6.47300,0.016005,0.009691,-0.015889
6.47400,-0.006013,0.003215,-0.014594
6.47500,0.007100,-0.002452,-0.055392
6.47600,-0.012489,-0.000671,-0.048754
6.47700,-0.001480,0.014386,-0.032564
6.47800,-0.006661,0.006938,-0.034022
6.47900,-0.001480,0.003539,0.000301
6.48000,0.001920,0.006291,0.102134
6.48100,-0.000671,0.005158,0.099058
6.48200,0.003539,-0.001966,0.051784
6.48300,0.000139,0.008072,0.037213
6.48400,-0.001804,-0.009575,-0.017346
6.48500,0.010014,0.003700,-0.039850
6.48600,-0.003099,-0.006499,-0.049402
6.48700,-0.000347,-0.010546,-0.017022
6.48800,0.019728,0.006291,0.048708
6.48900,-0.008442,-0.005690,0.063278
6.49000,0.002243,-0.006499,0.017785
6.49100,-0.008927,0.003053,-0.015080
6.49200,0.000624,0.002405,-0.046326
6.49300,0.003377,0.003215,-0.011680
6.49400,-0.002128,-0.008766,0.034947
6.49500,0.003053,-0.011680,0.031709
6.49600,-0.020260,0.001920,-0.037907
6.49700,0.002567,-0.000185,-0.046973
6.49800,-0.000185,0.002405,-0.080000
6.49900,-0.010061,-0.000185,-0.149130
6.50000,-0.008118,0.001272,-0.143949
6.50100,0.004024,-0.003909,-0.074981
6.50200,0.001758,0.014871,-0.062192
6.50300,-0.009575,-0.002452,-0.026412
6.50400,-0.003423,0.003053,-0.047945
6.50500,-0.000347,0.010176,-0.004880
6.50600,0.017300,0.004996,0.016490
6.50700,0.019566,0.001758,0.006291
6.50800,0.006615,0.006291,0.017785
6.50900,0.004024,0.011310,0.041099
6.51000,-0.006661,-0.000347,0.082220
6.51100,0.001434,-0.007794,0.137103
6.51200,-0.006823,-0.003909,0.155398
6.51300,-0.005366,-0.000995,0.146817
6.51400,-0.001156,0.005158,0.088858
6.51500,-0.003909,0.005481,0.033813
6.51600,0.002567,0.003539,-0.005042
6.51700,-0.015727,-0.002290,-0.056201
6.51800,-0.010708,-0.008766,-0.164672
6.51900,0.002567,0.001596,-0.196404
6.52000,-0.004233,-0.005042,-0.154473
6.52100,0.002405,-0.002290,-0.058792
6.52200,0.005158,-0.000023,0.016328
6.52300,0.003862,-0.000347,0.046441
6.52400,-0.000833,-0.004233,0.074935
6.52500,0.004834,-0.005690,0.073802
6.52600,0.013900,-0.006175,0.143741
6.52700,0.007100,-0.002290,0.168673
6.52800,0.010014,-0.002128,0.106829
6.52900,0.001272,0.001110,0.057612
6.53000,0.002081,0.000139,0.003700
6.53100,0.004510,0.002081,-0.018965
6.53200,0.001920,-0.000185,-0.087286
6.53300,0.002405,0.004672,-0.109627
6.53400,0.003862,0.003053,-0.099104
6.53500,-0.011032,-0.002128,-0.169853
6.53600,-0.020584,-0.003423,-0.196404
6.53700,-0.019613,0.001596,-0.110113
6.53800,-0.028193,-0.003909,-0.077734
6.53900,-0.051021,0.002405,-0.006985
6.54000,-0.041631,-0.007470,0.066678
6.54100,0.010662,-0.005366,0.115409
6.54200,0.036889,0.000624,0.120590
6.54300,0.017300,-0.000833,0.091448
6.54400,0.018433,0.011633,0.036404
6.54500,0.023938,0.010662,0.017785
6.54600,0.040289,0.015195,0.044984
6.54700,0.080278,0.013576,0.064897
6.54800,0.020862,0.015033,0.087239
6.54900,-0.096837,0.017462,0.101162
6.55000,-0.082591,0.000948,0.087563
6.55100,-0.019289,0.001272,0.086268
6.55200,0.064412,0.002405,0.072992
6.55300,0.066678,-0.002290,0.034137
6.55400,0.067973,-0.008442,0.010338
6.55500,0.098734,0.002405,0.012281
6.55600,0.065545,0.004186,0.014871
6.55700,0.035594,0.003539,0.024909
6.55800,-0.088743,0.017462,-0.007956
6.55900,-0.129217,0.016976,-0.002290
6.56000,-0.057011,0.014871,-0.005690
6.56100,-0.070448,0.018109,-0.018318
6.56200,-0.005042,0.001596,-0.009737
6.56300,0.195062,0.005319,0.004348
6.56400,0.085620,0.016005,0.013414
6.56500,-0.181671,0.006129,-0.003747
6.56600,-0.154149,-0.000185,-0.049240
6.56700,-0.032079,0.011795,-0.069315
6.56800,-0.149940,0.019404,-0.044059
6.56900,-0.097323,0.013738,-0.022851
6.57000,0.066193,0.012119,-0.001642
6.57100,-0.104447,0.012443,0.006453
6.57200,-0.144435,-0.000995,0.000624
6.57300,-0.039202,-0.010708,-0.007956
6.57400,-0.026089,-0.018803,0.006776
6.57500,0.015681,-0.021070,0.015843
6.57600,0.032194,-0.014270,0.006776
6.57700,0.025233,-0.014918,-0.003423
6.57800,0.070564,-0.007956,-0.003747
6.57900,0.016652,-0.005366,-0.013137
6.58000,-0.129379,-0.012813,-0.003585
6.58100,-0.097323,-0.009575,-0.015241
6.58200,0.047898,-0.012165,-0.000185
6.58300,0.104238,-0.008118,-0.009575
6.58400,0.127551,-0.007794,-0.011842
6.58500,0.086915,-0.000185,-0.018318
6.58600,0.085620,0.005319,-0.009089
6.58700,0.118161,0.004348,-0.007309
6.58800,0.015033,-0.001642,-0.009575
6.58900,-0.102990,0.006129,-0.018965
6.59000,-0.183614,-0.000671,-0.013946
6.59100,-0.157549,0.008234,-0.011680
6.59200,-0.157873,-0.006823,-0.009251
6.59300,-0.022851,-0.008766,-0.003099
6.59400,0.040451,-0.000185,-0.006175
6.59500,-0.036774,0.003539,0.002405
6.59600,0.021833,0.005481,-0.016699
6.59700,0.054860,0.008072,-0.003909
6.59800,0.134351,0.008719,-0.015403
6.59900,0.211090,0.004024,-0.011518
6.60000,0.242984,0.005481,-0.010708
6.60100,0.128199,0.005967,-0.015727
6.60200,0.050974,-0.006175,-0.009089
6.60300,0.010824,0.004348,-0.001318
6.60400,-0.000833,0.011148,-0.001966
6.60500,0.057288,-0.000833,-0.009089
6.60600,0.040937,-0.012327,-0.004394
6.60700,-0.011518,0.005158,-0.000023
6.60800,-0.104608,-0.007632,-0.009089
6.60900,-0.013461,-0.004233,0.007100
6.61000,0.021995,-0.005042,0.004672
6.61100,0.001758,0.003700,-0.001318
6.61200,0.006615,-0.000185,0.002243
6.61300,-0.043573,0.008072,-0.008280
6.61400,-0.079191,0.016328,-0.013299
6.61500,-0.052640,0.010662,-0.008442
6.61600,-0.106389,0.030575,-0.007147
6.61700,-0.148321,0.023452,0.003377
6.61800,-0.059601,0.026690,0.009367
6.61900,-0.057335,0.031547,-0.010385
6.62000,-0.083724,0.014224,0.001434
6.62100,-0.000347,0.013414,-0.000347
6.62200,0.066354,0.014062,0.009853
6.62300,0.014062,0.002891,-0.004394
6.62400,-0.026250,0.007748,-0.003261
6.62500,0.006129,0.010986,-0.004233
6.62600,-0.037098,0.002081,0.001758
6.62700,-0.087124,0.004024,-0.003585
6.62800,-0.086962,0.014062,-0.002937
6.62900,-0.075629,0.006776,0.003215
6.63000,-0.044059,0.006129,0.001272
6.63100,-0.031431,-0.000833,0.000463
6.63200,-0.007470,0.009529,0.004996
6.63300,-0.009089,0.011957,0.006776
6.63400,-0.034993,0.018757,-0.001156
6.63500,0.003862,0.007910,0.004834
6.63600,-0.024470,0.006615,0.000139
6.63700,-0.017508,0.007910,0.001758
6.63800,0.006615,0.010500,0.002891
6.63900,-0.040174,0.017138,0.000139
6.64000,0.037861,0.008072,-0.004233
6.64100,0.107800,0.003539,-0.000833
6.64200,0.094363,0.001434,0.005319
6.64300,0.055022,0.008557,-0.002128
6.64400,-0.047783,0.013576,-0.003747
6.64500,-0.051021,0.010500,0.016490
6.64600,-0.050859,0.005967,-0.000509
6.64700,0.046603,0.008557,0.007100
6.64800,0.074935,0.001596,-0.005366
6.64900,0.074935,0.002081,0.011148
6.65000,0.083677,-0.000509,0.001596
6.65100,0.062145,-0.008604,0.007586
6.65200,0.083354,-0.006823,0.018757
6.65300,0.008072,-0.004071,0.011633
6.65400,0.019890,-0.006013,-0.011194
6.65500,-0.026574,-0.001480,-0.003747
6.65600,-0.095057,0.005158,-0.000671
6.65700,-0.092142,-0.003423,0.008395
6.65800,-0.026089,0.002243,0.005319
6.65900,-0.010546,-0.002614,-0.003423
6.66000,-0.004880,-0.005528,0.005643
6.66100,0.016328,0.001272,-0.004071
6.66200,0.022319,0.003862,0.006615
6.66300,0.067002,-0.004556,0.001596
6.66400,0.041908,-0.001156,0.010176
6.66500,0.007100,0.008557,0.002243
6.66600,0.020376,-0.002128,0.005805
6.66700,0.059069,-0.005204,0.002081
6.66800,0.000301,-0.013623,-0.003099
6.66900,0.015195,-0.010385,-0.002128
6.67000,-0.008280,-0.006013,-0.004394
6.67100,-0.023984,-0.017670,0.001110
6.67200,0.021671,-0.008118,0.001758
6.67300,0.020376,-0.006823,-0.001156
6.67400,0.031223,-0.004556,0.007910
6.67500,0.021833,0.001110,-0.002128
6.67600,0.031223,-0.005528,0.003862
6.67700,0.011310,0.003377,0.004834
6.67800,-0.105742,0.003053,0.015519
6.67900,-0.147025,0.003700,0.002891
6.68000,0.030413,-0.008280,0.008072
6.68100,0.056641,-0.010708,0.014709
6.68200,0.023776,-0.002452,0.022804
6.68300,0.023452,-0.010708,0.005643
6.68400,-0.026574,-0.005204,-0.010385
6.68500,-0.000185,-0.015727,0.008557
6.68600,0.008234,-0.015403,0.032194
6.68700,0.018433,-0.014918,0.000139
6.68800,0.021509,-0.006823,0.006291
6.68900,0.002891,-0.009737,0.004834
6.69000,-0.026736,-0.005851,0.006776
6.69100,-0.008442,-0.010708,0.014386
6.69200,-0.005204,-0.010061,0.017624
6.69300,-0.013299,-0.019613,-0.002452
6.69400,-0.001966,-0.013137,0.018109
6.69500,-0.013946,-0.013946,0.011957
6.69600,-0.020746,-0.006013,0.022319
6.69700,-0.039364,-0.011680,0.015357
6.69800,-0.004071,-0.007470,0.010986
6.69900,-0.022041,-0.004880,0.003215
6.70000,-0.026736,-0.011680,0.013414
6.70100,-0.023984,-0.015241,0.020376
6.70200,-0.031269,-0.007632,-0.003423
6.70300,0.034137,-0.012004,0.001434
6.70400,0.085620,-0.013137,0.001434
6.70500,0.023776,-0.019289,0.017138
6.70600,0.005805,-0.017994,-0.000185
6.70700,0.007424,-0.025117,0.014062
6.70800,-0.000023,-0.013461,0.009367
6.70900,0.008557,-0.017994,0.020538
6.71000,-0.018641,-0.005366,-0.012813
6.71100,-0.013137,-0.012489,0.003700
6.71200,-0.028517,-0.014756,0.018109
6.71300,-0.017184,-0.013299,0.012605
6.71400,-0.000509,-0.016051,-0.006985
6.71500,-0.001966,-0.005042,0.027661
6.71600,-0.002452,-0.020746,-0.003261
6.71700,0.003700,-0.017022,0.001434
6.71800,0.016490,-0.003585,-0.003747
6.71900,-0.003423,-0.007470,0.006291
6.72000,0.009043,-0.010708,0.013738
6.72100,-0.038555,-0.013623,0.008557
6.72200,-0.001318,-0.015241,-0.009251
6.72300,0.003377,-0.020098,0.011795
6.72400,-0.030945,-0.010061,-0.004556
6.72500,0.007748,-0.010385,-0.001480
6.72600,-0.014918,-0.012165,0.008557
6.72700,0.016814,-0.014756,-0.003585
6.72800,0.009853,-0.007794,-0.001480
6.72900,0.021833,-0.011842,-0.005366
6.73000,0.004348,-0.001318,0.000786
6.73100,0.027985,-0.013461,-0.004718
6.73200,0.007262,-0.016213,-0.005690
6.73300,-0.007470,-0.004556,0.004834
6.73400,-0.030298,-0.003747,0.001434
6.73500,-0.035155,-0.021879,-0.007470
6.73600,-0.008927,-0.014270,-0.000347
6.73700,-0.033374,-0.010385,0.001920
6.73800,0.021995,-0.010223,0.002891
6.73900,0.009853,-0.016375,-0.011356
6.74000,-0.021717,-0.013623,-0.005204
6.74100,-0.074010,0.001758,-0.006175
6.74200,-0.029812,-0.014594,0.000301
6.74300,0.038023,0.000786,-0.006823
6.74400,0.016976,-0.001318,-0.007956
6.74500,-0.004718,-0.001966,-0.003423
6.74600,-0.090200,0.002891,0.002405
6.74700,-0.066077,0.005805,0.017947
6.74800,-0.004233,-0.001642,0.011148
6.74900,-0.021070,-0.007794,0.005805
6.75000,0.018757,0.005481,-0.007147
6.75100,0.027014,0.007586,-0.002775
6.75200,0.068459,-0.001156,-0.006985
6.75300,0.091125,-0.002290,0.008234
6.75400,0.065707,-0.000023,0.001758
6.75500,0.057450,0.001434,-0.001480
6.75600,0.011148,0.002729,0.000463
6.75700,-0.027708,0.005967,-0.002614
6.75800,-0.169691,0.009043,-0.005204
6.75900,-0.203204,0.001110,-0.003585
6.76000,-0.031269,0.005481,0.001110
6.76100,0.033651,-0.004718,-0.008927
6.76200,0.001596,-0.010708,-0.000023
6.76300,0.041908,-0.001804,0.006776
6.76400,0.004834,0.002891,-0.000995
6.76500,-0.010870,-0.001156,-0.015889
6.76600,-0.026089,0.000301,0.003377
6.76700,-0.068991,-0.007956,-0.010223
6.76800,-0.041145,0.006129,0.006938
6.76900,-0.022041,0.009205,-0.006985
6.77000,-0.021232,0.002243,-0.007309
6.77100,-0.016699,-0.011032,-0.000995
6.77200,0.000786,0.002405,0.002081
6.77300,-0.005204,-0.005851,0.003700
6.77400,-0.001318,0.003700,-0.006985
6.77500,0.006938,-0.004718,-0.000995
6.77600,0.005805,0.003053,0.000624
6.77700,-0.011518,0.007100,-0.000671
6.77800,-0.027222,0.007424,0.004024
6.77900,-0.049240,0.006291,-0.011194
6.78000,-0.022689,-0.005851,-0.009413
6.78100,-0.011032,0.013900,-0.017994
6.78200,-0.042440,-0.001318,-0.000347
6.78300,-0.032079,0.010824,0.001110
6.78400,0.030413,0.003862,0.003215
6.78500,0.024261,-0.005851,-0.011356
6.78600,0.034461,-0.000023,-0.010385
6.78700,0.046279,-0.000023,0.001110
6.78800,0.035918,0.003700,-0.004394
6.78900,0.045470,0.003700,-0.003423
6.79000,0.010824,0.001920,-0.001156
6.79100,0.016490,-0.006823,0.010176
6.79200,0.020376,0.000786,0.010824
6.79300,0.027985,0.008234,-0.004556
6.79400,0.008719,0.010338,0.012605
6.79500,0.036242,0.001272,0.007748
6.79600,0.010176,0.008719,0.013414
6.79700,0.013090,-0.000509,-0.006985
6.79800,0.026690,-0.001966,-0.007470
6.79900,-0.006013,-0.006175,-0.009251
6.80000,0.022642,-0.009251,-0.003585
6.80100,0.028633,0.007910,0.004996
6.80200,0.027823,0.007262,0.007586
6.80300,-0.005851,-0.000509,0.005158
6.80400,-0.005366,0.000139,-0.000347
6.80500,0.025556,-0.001318,-0.004071
6.80600,0.111847,-0.003423,0.001920
6.80700,0.001272,-0.006013,0.000301
6.80800,0.004024,-0.009899,0.000786
6.80900,0.001596,-0.007632,-0.009251
6.81000,-0.091495,0.007748,-0.009737
6.81100,-0.215508,0.007424,-0.004233
6.81200,-0.288199,0.003539,0.004024
6.81300,0.102943,-0.000185,-0.014918
6.81400,0.124799,-0.003747,-0.009575
6.81500,0.072830,0.003700,-0.002937
6.81600,0.104238,-0.001966,-0.009575
6.81700,-0.004394,-0.004394,-0.005366
6.81800,0.047089,-0.005042,0.002081
6.81900,0.026690,0.001110,-0.005528
6.82000,0.014709,0.007910,-0.023822
6.82100,0.003700,0.004186,-0.000023
6.82200,-0.014918,0.002891,-0.010385
6.82300,-0.016860,-0.002937,-0.006175
6.82400,-0.019127,0.006129,0.002729
6.82500,-0.011518,0.004348,-0.008927
6.82600,-0.020746,0.010824,0.001434
6.82700,-0.052478,-0.000023,-0.004233
6.82800,0.007262,0.004510,0.004186
6.82900,0.083354,0.012767,-0.000185
6.83000,0.078821,0.014709,-0.006661
6.83100,-0.052963,0.001434,0.002243
6.83200,-0.059439,0.002729,-0.002452
6.83300,0.090477,-0.007632,0.003053
6.83400,0.029604,-0.000671,0.002243
6.83500,0.021347,-0.012975,-0.004718
6.83600,0.024423,-0.019451,0.003215
6.83700,-0.001804,-0.020584,0.006938
6.83800,0.039965,-0.019775,-0.019936
6.83900,-0.025603,0.017300,-0.020422
6.84000,-0.051021,0.032842,-0.022365
6.84100,0.018757,0.006129,0.001110
6.84200,0.072668,0.007748,-0.006823
6.84300,0.006129,0.016652,-0.016375
6.84400,0.011310,-0.008442,-0.005042
6.84500,0.010014,0.005319,0.000463
6.84600,0.015843,0.005481,0.002081
6.84700,0.009529,-0.006337,-0.000185
6.84800,0.014062,0.002081,-0.004394
6.84900,0.011795,-0.003909,-0.003747
6.85000,-0.157711,-0.003585,-0.009737
6.85100,-0.323493,0.014709,-0.013137
6.85200,-0.012813,0.005967,0.001596
6.85300,0.036727,-0.019775,0.013576
6.85400,-0.039526,-0.023498,0.009691
6.85500,0.057450,-0.020584,0.003053
6.85600,0.076230,-0.008927,-0.008118
6.85700,0.068459,-0.023498,-0.009575
6.85800,0.069916,-0.018965,-0.004880
6.85900,0.065545,-0.016860,0.003539
6.86000,0.000139,-0.014270,0.003862
6.86100,-0.030460,-0.014918,0.005643
6.86200,-0.057982,-0.024146,-0.001966
6.86300,-0.034345,-0.019613,-0.018965
6.86400,-0.072067,-0.027546,-0.028841
6.86500,0.002567,-0.016537,-0.017022
6.86600,0.012281,-0.007632,-0.000347
6.86700,-0.026250,-0.006499,0.007910
6.86800,-0.033698,-0.016375,0.023938
6.86900,0.024261,-0.002128,0.007100
6.87000,-0.081619,-0.001480,-0.014918
6.87100,-0.193814,-0.014270,-0.005366
6.87200,-0.066725,-0.016051,-0.015403
6.87300,0.035108,-0.010061,-0.018479
6.87400,0.167702,-0.016051,-0.014594
6.87500,0.143903,-0.023174,-0.005851
6.87600,0.105695,-0.010708,0.001434
6.87700,0.173530,-0.005528,0.005481
6.87800,0.102457,0.006129,0.001434
6.87900,0.110390,0.019728,0.029766
6.88000,0.015195,0.009205,0.021509
6.88100,-0.039688,0.008395,0.001758
6.88200,-0.042116,0.012605,-0.006013
6.88300,-0.015080,0.002567,-0.012489
6.88400,-0.031431,0.000786,-0.018965
6.88500,-0.126465,0.001110,-0.031107
6.88600,-0.035964,0.004348,-0.014756
6.88700,0.038832,0.008557,0.004996
6.88800,0.043041,-0.002937,0.017947
6.88900,0.095496,0.012281,-0.009575
6.89000,0.051136,-0.003909,-0.016860
6.89100,0.084487,-0.000347,-0.005528
6.89200,0.100677,-0.000509,-0.012813
6.89300,0.007586,-0.005042,-0.008766
6.89400,-0.040335,0.003539,0.004510
6.89500,0.002405,-0.001156,-0.008604
6.89600,0.122047,-0.002452,-0.013784
6.89700,-0.013461,0.008881,-0.004233
6.89800,0.066193,0.000786,-0.004718
6.89900,0.208824,0.004996,0.003539
6.90000,0.113952,0.011795,0.014709
6.90100,0.023776,-0.000347,0.042718
6.90200,-0.033860,-0.000833,0.008881
6.90300,0.107152,-0.005042,-0.028679
6.90400,0.000139,-0.001480,-0.049725
6.90500,-0.126303,0.030090,-0.039202
6.90600,-0.136664,0.016652,-0.026412
6.90700,-0.232831,0.010662,-0.009089
6.90800,-0.130026,0.009043,0.004024
6.90900,0.055345,0.010986,0.008395
6.91000,-0.090200,0.005481,0.003215
6.91100,-0.249992,0.004024,0.016490
6.91200,-0.006337,0.014386,0.008234
6.91300,-0.066725,0.006615,-0.007956
6.91400,-0.201261,-0.004394,0.013900
6.91500,0.089182,-0.016860,0.052108
6.91600,0.080763,-0.011032,0.041746
6.91700,0.062307,-0.003585,0.007100
6.91800,-0.083724,-0.020260,0.012119
6.91900,-0.171310,-0.010870,-0.004233
6.92000,0.022319,-0.006661,-0.008927
6.92100,-0.027546,-0.010223,0.000301
6.92200,-0.180538,-0.006175,0.011633
6.92300,-0.240926,-0.000185,0.001272
6.92400,-0.025117,0.004996,0.001272
6.92500,0.095334,0.011310,0.009367
6.92600,0.111847,0.021509,0.011471
6.92700,0.076554,0.012767,0.014386
6.92800,-0.122741,0.014548,0.012605
6.92900,0.033813,0.004672,0.013900
6.93000,0.169645,-0.005366,0.004024
6.93100,0.228899,-0.007147,-0.004718
6.93200,0.239908,-0.018318,-0.002290
6.93300,0.176444,-0.007147,0.004024
6.93400,0.172073,-0.005851,-0.003747
6.93500,0.182920,-0.016699,-0.004556
6.93600,0.235051,-0.001480,0.011957
6.93700,0.187291,0.019404,0.016328
6.93800,-0.064620,0.012767,0.028309
6.93900,-0.329645,0.005158,0.032680
6.94000,-0.187662,0.005158,0.000301
6.94100,0.123180,0.000624,0.006615
6.94200,-0.007794,0.027014,0.013576
6.94300,-0.143949,0.024747,0.004186
6.94400,0.072992,0.003700,0.001434
6.94500,0.076878,0.001272,-0.017184
6.94600,-0.039364,-0.006661,-0.012004
6.94700,0.046927,-0.005204,-0.014108
6.94800,0.051946,0.008557,-0.014594
6.94900,-0.005851,0.008719,0.008234
6.95000,0.042556,0.006938,0.028471
6.95100,0.055345,0.020538,0.026042
6.95200,-0.143626,0.018433,0.010176
6.95300,-0.204823,0.022804,0.003053
6.95400,-0.179405,0.011471,0.014871
6.95500,-0.234935,0.005643,0.009043
6.95600,-0.062677,0.003862,0.013414
6.95700,0.097115,0.001434,0.002729
6.95800,-0.015080,-0.001318,-0.005042
6.95900,-0.061544,0.000948,-0.005042
6.96000,0.023290,-0.005528,0.003539
6.96100,0.012119,-0.013461,0.011633
6.96200,-0.002614,-0.017994,0.008881
6.96300,-0.009251,-0.011032,0.033651
6.96400,-0.038555,-0.004718,0.015681
6.96500,-0.034183,-0.001480,0.021347
6.96600,-0.032403,0.001758,0.018433
6.96700,-0.011356,-0.009899,0.022319
6.96800,-0.009899,-0.002452,-0.007470
6.96900,0.015195,-0.017184,-0.010385
6.97000,0.017785,-0.003585,-0.012975
6.97100,0.045794,-0.009251,-0.006985
6.97200,0.052108,-0.013461,0.000786
6.97300,0.029928,-0.013461,0.040127
6.97400,0.046279,-0.011680,0.032032
6.97500,0.033328,-0.026574,0.013738
6.97600,0.006129,-0.019613,-0.006337
6.97700,-0.060411,-0.016051,-0.005042
6.97800,-0.007794,-0.010061,0.004510
6.97900,0.023452,-0.012651,0.004510
6.98000,-0.024308,0.001272,-0.000347
6.98100,0.014062,-0.004718,-0.014270
6.98200,0.046117,-0.004880,-0.019775
6.98300,0.036727,0.004510,-0.012813
6.98400,-0.020260,0.014709,-0.012489
6.98500,-0.102342,0.015033,0.004348
6.98600,-0.070448,0.030090,0.000301
6.98700,-0.038069,0.028309,0.027175
6.98800,-0.047135,0.012929,0.031547
6.98900,0.077525,0.013252,0.009529
6.99000,0.078982,-0.014918,0.001272
6.99100,0.014709,-0.020422,-0.012004
6.99200,-0.058792,-0.019613,-0.027546
6.99300,-0.153339,-0.007470,0.018595
6.99400,-0.176976,-0.006985,0.020376
6.99500,-0.091009,-0.007632,0.017462
6.99600,-0.024631,0.010500,-0.012975
6.99700,0.030737,0.015681,-0.041954
6.99800,-0.050211,0.031547,-0.027546
6.99900,-0.001156,0.031223,-0.029165
7.00000,0.175473,0.028633,0.010176
7.00100,0.002081,0.010500,0.011957
7.00200,0.156855,-0.008604,-0.006661
7.00300,0.177901,-0.014918,-0.014918
7.00400,0.093553,0.002405,-0.037421
7.00500,0.038508,-0.006499,-0.048754
7.00600,-0.045678,-0.021879,-0.034345
7.00700,0.034623,-0.017022,-0.012651
7.00800,-0.112703,-0.009899,-0.006175
7.00900,-0.072391,0.002729,-0.011032
7.01000,0.042394,0.001110,-0.000671
7.01100,0.087401,-0.006337,-0.014594
7.01200,0.109581,-0.001642,0.010824
7.01300,0.022804,0.003377,0.008557
7.01400,-0.158682,0.004834,0.018109
7.01500,-0.098618,0.000139,0.024423
7.01600,0.166245,-0.013946,-0.010708
7.01700,0.194091,0.002243,-0.022041
7.01800,0.056317,0.006776,-0.021070
7.01900,-0.020746,0.008719,-0.004233
7.02000,-0.081619,0.002081,0.004186
7.02100,-0.111408,0.002729,0.017138
7.02200,0.007910,0.010500,-0.013299
7.02300,0.010338,-0.003099,-0.040174
7.02400,0.001434,0.003862,-0.050535
7.02500,0.000463,0.007586,-0.042764
7.02600,-0.026574,0.005643,-0.022365
7.02700,-0.013299,-0.004233,-0.001156
7.02800,-0.009413,0.010014,-0.001966
7.02900,-0.003909,0.009529,-0.014756
7.03000,-0.024793,0.003700,-0.025603
7.03100,-0.006985,0.007910,-0.044221
7.03200,-0.010061,0.011633,-0.028841
7.03300,-0.012651,0.011310,-0.020422
7.03400,-0.012327,0.004672,-0.009899
7.03500,-0.024308,0.003862,0.009691
7.03600,-0.009737,0.000786,-0.006013
7.03700,-0.021394,-0.003261,-0.026412
7.03800,-0.012975,0.000463,-0.015727
7.03900,-0.020584,-0.006823,-0.011194
7.04000,-0.023660,-0.008927,-0.003261
7.04100,-0.014756,-0.000833,-0.036936
7.04200,-0.022365,-0.000347,-0.052478
7.04300,-0.004718,0.004672,-0.023660
7.04400,-0.024793,-0.000671,-0.009089
7.04500,-0.006823,-0.004233,0.006615
7.04600,-0.013784,0.006615,-0.007147
7.04700,-0.023822,0.010014,-0.023174
7.04800,-0.016051,0.017138,0.025071
7.04900,-0.013137,0.013738,0.040451
7.05000,-0.006013,0.013900,0.000624
7.05100,-0.016051,0.009205,0.001272
7.05200,-0.023822,-0.013461,-0.007470
7.05300,-0.018479,0.004996,0.025718
7.05400,-0.012004,0.005481,0.025395
7.05500,-0.012165,-0.000347,-0.002937
7.05600,-0.013946,-0.003261,-0.003747
7.05700,-0.015727,0.001272,-0.000509
7.05800,-0.022041,0.012929,0.002891
7.05900,-0.004880,0.003862,0.013900
7.06000,0.006453,0.012281,-0.000023
7.06100,-0.010708,0.010824,-0.003423
7.06200,0.006615,0.011471,0.005967
7.06300,-0.009899,0.011633,-0.002775
7.06400,-0.002128,-0.003423,-0.021555
7.06500,-0.001642,-0.002290,-0.017346
7.06600,-0.041145,0.018595,0.016490
7.06700,-0.025603,0.012767,0.008719
7.06800,-0.029974,-0.006013,-0.001804
7.06900,-0.019936,0.002729,-0.005528
7.07000,-0.025117,0.015195,-0.003099
7.07100,-0.013137,0.001758,-0.009575
7.07200,0.000301,-0.002614,-0.014432
7.07300,-0.021717,-0.003585,0.009043
7.07400,-0.011518,-0.016699,0.009529
7.07500,-0.016860,-0.036612,0.002243
7.07600,-0.013946,-0.032888,0.000948
7.07700,-0.014594,-0.015403,-0.008280
7.07800,-0.015889,-0.005204,0.002729
7.07900,-0.018156,-0.011842,-0.005690
7.08000,-0.015080,-0.001318,0.008395
7.08100,-0.015565,0.013090,0.005481
7.08200,-0.020908,0.001758,0.001434
7.08300,-0.012327,0.017785,0.015033
7.08400,-0.010708,0.017138,0.000948
7.08500,-0.014756,-0.022203,-0.012975
7.08600,-0.021232,-0.019127,0.012119
7.08700,-0.000509,-0.005366,0.018919
7.08800,-0.006823,-0.015889,0.017138
7.08900,0.004348,-0.025603,0.009367
7.09000,-0.015080,-0.027546,0.019243
7.09100,-0.012975,-0.021232,0.038023
7.09200,-0.012489,-0.000023,0.011795
7.09300,-0.012651,0.014871,0.004186
7.09400,-0.011194,0.016652,0.006453
7.09500,-0.013623,0.015357,0.007748
7.09600,0.009043,0.004510,0.006938
7.09700,-0.019451,-0.003099,0.010176
7.09800,-0.002775,-0.006661,-0.003747
7.09900,-0.011842,-0.019936,0.003862
7.10000,-0.003261,-0.018803,0.003862
7.10100,0.010662,-0.014432,0.007748
7.10200,-0.012813,-0.012004,0.012605
7.10300,0.012929,0.008557,0.010176
7.10400,-0.014756,0.014871,0.011633
7.10500,-0.002290,0.039318,0.004510
7.10600,-0.004071,0.040613,0.010014
7.10700,-0.006499,0.018595,-0.006499
7.10800,-0.013461,-0.019289,0.003862
7.10900,-0.013784,-0.050697,0.000786
7.11000,0.002891,-0.042440,-0.007632
7.11100,0.006615,-0.012004,-0.010223
7.11200,0.017785,0.004996,0.007262
7.11300,0.008234,-0.012813,-0.017022
7.11400,0.006453,-0.024308,0.004834
7.11500,0.007424,-0.054097,0.005967
7.11600,0.002567,-0.034022,0.001434
7.11700,-0.016375,0.018919,-0.001156
7.11800,-0.005204,0.009529,0.010338
7.11900,0.004834,0.014709,-0.004233
7.12000,0.011633,0.065545,-0.027546
7.12100,0.012767,0.050974,-0.025117
7.12200,0.010662,0.018271,-0.040983
7.12300,0.023614,0.014062,-0.025279
7.12400,0.017947,-0.044059,-0.014756
7.12500,0.016976,-0.081781,-0.006175
7.12600,0.024423,-0.085505,-0.000347
7.12700,0.007910,-0.081295,0.002081
7.12800,-0.000995,-0.038555,-0.002775
7.12900,0.013576,-0.014756,0.013738
7.13000,0.003700,-0.035640,0.001434
7.13100,0.011310,0.095820,-0.005690
7.13200,0.019728,0.114923,-0.007470
7.13300,0.014709,0.028147,-0.007794
7.13400,0.014548,-0.003747,-0.013784
7.13500,0.006129,-0.022527,-0.000347
7.13600,-0.004880,-0.041631,-0.014270
7.13700,0.009205,-0.044869,-0.002937
7.13800,0.007586,-0.008766,0.001434
7.13900,0.010176,0.039965,-0.003099
7.14000,0.016652,-0.011518,-0.015565
7.14100,0.010824,-0.083238,-0.001966
7.14200,0.009043,0.018109,0.002243
7.14300,0.023452,0.074935,-0.001480
7.14400,0.008072,0.002081,-0.000185
7.14500,0.006129,-0.022365,-0.004718
7.14600,0.012605,-0.024631,0.004672
7.14700,0.005319,-0.005851,-0.003747
7.14800,0.001272,0.078011,0.004672
7.14900,0.016166,0.075744,0.010824
7.15000,0.017462,0.012281,0.001596
7.15100,0.008395,0.025556,0.005967
7.15200,0.008719,0.010986,0.002729
7.15300,0.012281,-0.043735,0.011957
7.15400,0.003539,-0.071420,0.016814
7.15500,0.006615,-0.166777,0.010338
7.15600,0.000786,-0.150749,0.009691
7.15700,0.001434,0.040937,0.005481
7.15800,0.008395,0.005643,0.008881
7.15900,-0.011518,0.018109,-0.000509
7.16000,0.015519,0.010176,-0.003909
7.16100,0.007100,0.099058,0.008072
7.16200,0.023452,0.296410,0.009691
7.16300,0.014224,0.103105,0.004186
7.16400,-0.010061,0.024585,0.005967
7.16500,0.003539,0.052593,-0.000347
7.16600,0.004996,-0.034022,0.002081
7.16700,-0.000023,0.041584,0.001596
7.16800,-0.000023,0.142608,0.004186
7.16900,0.004834,0.023128,0.006776
7.17000,-0.005528,-0.075953,0.008234
7.17100,-0.005042,0.015681,0.004348
7.17200,-0.010061,-0.005204,-0.000509
7.17300,-0.003747,-0.107685,-0.000833
7.17400,0.004510,-0.073524,0.000948
7.17500,0.013414,-0.045516,0.009853
7.17600,-0.010223,-0.050211,0.000463
7.17700,0.001110,0.057288,0.005805
7.17800,-0.016213,0.185025,0.010014
7.17900,-0.001804,0.072507,-0.006337
7.18000,0.017138,0.066678,-0.000671
7.18100,-0.018479,0.069916,0.003700
7.18200,0.016814,-0.023013,0.002243
7.18300,-0.003423,0.009691,0.008881
7.18400,0.004996,-0.047459,0.008072
7.18500,-0.007632,-0.037907,-0.007470
7.18600,-0.003423,0.017624,-0.000995
7.18700,0.002243,0.081897,0.016166
7.18800,-0.002128,0.070402,0.009043
7.18900,0.005158,-0.023822,0.006291
7.19000,-0.001642,0.037699,0.006453
7.19100,0.005805,0.038832,0.007262
7.19200,-0.004880,-0.036774,0.015519
7.19300,0.006129,-0.131160,0.004672
7.19400,-0.023984,-0.222469,0.003862
7.19500,-0.002128,-0.211137,0.004024
7.19600,0.009529,-0.176167,0.000948
7.19700,-0.011356,-0.125493,0.010338
7.19800,-0.000023,0.104724,0.006291
7.19900,-0.005366,0.080925,0.011310
7.20000,0.001920,-0.071258,0.002405
7.20100,-0.011194,0.009853,0.004348
7.20200,-0.011680,0.101162,0.006453
7.20300,0.004672,0.045470,-0.000347
7.20400,-0.014270,-0.000833,-0.008766
7.20500,-0.002290,0.152807,-0.001318
7.20600,0.011633,0.005319,0.008072
7.20700,-0.009089,0.000624,0.014871
7.20800,0.003862,0.000624,0.015843
7.20900,-0.005366,-0.096190,0.008395
7.21000,0.007262,-0.107685,0.002081
7.21100,-0.002614,-0.121770,0.001596
7.21200,0.003377,0.006291,0.006453
7.21300,0.002891,0.112981,0.009205
7.21400,-0.001966,0.115247,-0.003747
7.21500,0.014871,-0.038393,-0.001804
7.21600,0.002243,0.016490,-0.000185
7.21700,0.020052,0.016652,0.003539
7.21800,-0.003909,0.015843,-0.004556
7.21900,-0.021394,-0.058144,0.006129
7.22000,-0.003909,-0.243192,0.005967
7.22100,-0.003261,-0.265210,0.014871
7.22200,-0.013784,-0.138121,0.003053
7.22300,-0.014918,0.086106,-0.011356
7.22400,0.001758,0.174016,-0.012813
7.22500,0.016166,0.126418,-0.000671
7.22600,0.007262,0.080601,-0.009737
7.22700,0.016490,0.107314,-0.010385
7.22800,0.014062,0.104886,-0.002937
7.22900,-0.001480,-0.023660,-0.009089
7.23000,0.013414,-0.002937,0.009853
7.23100,0.001920,0.004024,0.009529
7.23200,-0.005042,0.010014,0.003539
7.23300,-0.003909,0.036727,0.000463
7.23400,-0.002937,-0.052478,-0.011032
7.23500,-0.012004,-0.064944,0.007748
7.23600,-0.013623,-0.043573,0.003700
7.23700,-0.007470,0.021023,-0.004071
7.23800,0.003215,0.157017,0.005805
7.23900,0.002081,0.175473,-0.002937
7.24000,0.000463,-0.106066,0.000139
7.24100,0.001434,-0.191547,-0.008442
7.24200,0.009043,-0.105580,0.004348
7.24300,-0.008280,-0.091171,-0.000833
7.24400,-0.029974,0.130627,-0.004394
7.24500,-0.018965,0.217890,-0.017022
7.24600,-0.000185,-0.035964,-0.000509
7.24700,0.004996,-0.035155,0.005967
7.24800,0.010662,0.153779,-0.008927
7.24900,0.024423,-0.075143,-0.006175
7.25000,0.014548,-0.105580,-0.010385
7.25100,0.000139,-0.082752,-0.012651
7.25200,-0.007632,-0.076924,0.014709
7.25300,-0.006985,-0.014270,0.000786
7.25400,-0.003585,-0.147349,0.000624
7.25500,-0.006823,-0.138769,-0.006823
7.25600,-0.015565,0.000624,0.004024
7.25700,-0.011518,0.077687,-0.005042
7.25800,0.010338,0.036242,0.006938
7.25900,-0.006661,-0.025927,-0.009251
7.26000,-0.005690,-0.155282,0.001758
7.26100,-0.009251,-0.150263,-0.011680
7.26200,-0.023498,0.094848,-0.003747
7.26300,0.002891,0.214328,-0.013137
7.26400,0.004186,0.128199,-0.007309
7.26500,-0.000185,0.038023,-0.000671
7.26600,0.005643,-0.011032,-0.011518
7.26700,0.009205,0.061012,-0.004880
7.26800,0.006291,0.159607,-0.005851
7.26900,0.000139,-0.010546,-0.003585
7.27000,0.011795,0.015033,0.009529
7.27100,-0.012651,0.029766,0.010986
7.27200,0.000786,0.024747,0.005481
7.27300,-0.006499,0.074773,0.005643
7.27400,-0.022041,0.003862,-0.003099
7.27500,0.011310,-0.039850,0.008557
7.27600,-0.003261,-0.093600,0.002729
7.27700,0.008557,-0.106227,0.004996
7.27800,0.005967,-0.027546,-0.001480
7.27900,0.001758,0.100677,-0.004071
7.28000,-0.010385,0.074287,-0.001318
7.28100,0.017138,0.095982,0.007424
7.28200,0.015681,0.055831,0.002243
7.28300,-0.019289,-0.096352,0.013090
7.28400,-0.013784,-0.114484,0.015681
7.28500,-0.013623,-0.010061,0.008072
7.28600,-0.018156,-0.009575,0.009043
7.28700,-0.022851,-0.015727,0.006129
7.28800,0.003053,0.103915,0.002405
7.28900,0.011633,-0.013299,0.005481
7.29000,0.014871,-0.058306,0.008395
7.29100,0.018433,-0.017184,0.009043
7.29200,0.012281,-0.003909,-0.006823
7.29300,-0.005366,0.015195,-0.002452
7.29400,-0.018641,0.029442,-0.005042
7.29500,0.006938,-0.041145,0.008719
7.29600,0.023614,-0.272172,0.023614
7.29700,0.008719,-0.198509,0.001110
7.29800,0.025233,-0.034022,-0.007470
7.29900,0.023938,0.007262,-0.031755
7.30000,0.000139,0.183082,-0.004718
7.30100,-0.036774,0.012119,0.003377
7.30200,-0.029165,-0.401203,0.002567
7.30300,-0.024146,-0.109303,-0.003585
7.30400,0.000786,-0.053287,-0.006823
7.30500,0.033813,-0.300180,0.011148
7.30600,0.009691,-0.239954,-0.003909
7.30700,-0.011356,-0.219070,0.019890
7.30800,-0.023336,0.234079,0.004834
7.30900,-0.026574,0.456526,0.006291
7.31000,0.005805,0.384320,-0.000995
7.31100,0.025071,-0.007632,0.015843
7.31200,-0.014108,0.004186,0.012767
7.31300,-0.024470,0.227766,0.013576
7.31400,-0.002452,0.230356,-0.001642
7.31500,0.027985,0.310495,0.008557
7.31600,0.027823,-0.093114,0.003215
7.31700,0.002243,0.065545,0.014062
7.31800,0.002405,0.149246,-0.023822
7.31900,-0.019289,0.116057,-0.039850
7.32000,-0.018803,0.081411,-0.031107
7.32100,-0.013946,0.045632,-0.014432
7.32200,0.002405,0.061821,-0.015565
7.32300,0.013090,-0.019451,-0.005528
7.32400,-0.003099,-0.055230,0.018109
7.32500,-0.008766,-0.345835,0.038508
7.32600,-0.025603,-0.309246,0.029928
7.32700,-0.009251,-0.011194,0.043527
7.32800,-0.009575,0.117352,0.028956
7.32900,-0.001804,0.135484,0.016490
7.33000,0.005319,0.117028,0.025556
7.33100,0.013414,-0.023660,0.010824
7.33200,0.010176,-0.078867,-0.001318
7.33300,0.012443,-0.198994,0.010338
7.33400,0.008072,-0.250154,0.003377
7.33500,-0.016213,-0.131807,0.001272
7.33600,-0.023660,0.200729,0.008234
7.33700,-0.035479,0.169483,0.015195
7.33800,-0.011194,-0.088904,0.000786
7.33900,0.006776,0.041746,0.003377
7.34000,0.003700,0.070726,-0.002128
7.34100,0.016814,0.049841,0.004510
7.34200,-0.000671,0.037213,0.005967
7.34300,-0.031107,0.003377,0.000301
7.34400,0.011633,-0.131160,-0.002128
7.34500,0.029604,-0.138769,0.011795
7.34600,0.008557,-0.042278,0.004834
7.34700,0.014062,0.003053,-0.001804
7.34800,-0.037259,-0.107199,0.013414
7.34900,0.002405,0.174178,0.016652
7.35000,-0.005851,0.198138,0.045955
7.35100,0.011148,-0.233478,0.029442
7.35200,0.018757,-0.195271,-0.014108
7.35300,-0.014918,-0.284800,-0.068667
7.35400,-0.011518,-0.095866,-0.065429
7.35500,-0.029165,-0.028193,-0.045030
7.35600,-0.010385,0.120266,-0.024308
7.35700,-0.015080,0.033004,-0.006013
7.35800,0.001758,-0.096676,-0.003747
7.35900,-0.001804,0.237479,0.025395
7.36000,0.019404,0.194415,0.042070
7.36100,-0.004718,0.312923,0.030575
7.36200,-0.006175,0.150217,0.014548
7.36300,0.017947,0.021833,0.001272
7.36400,0.004834,0.052269,-0.006499
7.36500,-0.004071,-0.049078,-0.009575
7.36600,-0.014756,-0.095866,-0.007470
7.36700,-0.025279,-0.196566,0.004186
7.36800,-0.019289,-0.086638,0.027014
7.36900,0.005967,0.014386,0.010176
7.37000,-0.009413,0.003053,0.004834
7.37100,-0.007147,0.088372,0.018271
7.37200,-0.013784,-0.077572,0.015357
7.37300,-0.005851,-0.216803,0.009367
7.37400,0.015195,-0.027384,-0.011518
7.37500,0.024585,-0.078705,-0.002452
7.37600,-0.001318,-0.185071,-0.007794
7.37700,0.004186,-0.184262,-0.007794
7.37800,-0.011518,0.016005,-0.009413
7.37900,-0.008442,0.012605,0.007910
7.38000,0.006129,0.378815,0.005643
7.38100,-0.007794,0.406338,0.004834
7.38200,-0.010708,0.035108,0.000948
7.38300,-0.019775,0.009367,0.005643
7.38400,-0.014594,-0.042278,0.003539
7.38500,0.004024,0.095334,0.005967
7.38600,0.036889,0.072830,0.007586
7.38700,0.023290,0.045794,0.004672
7.38800,0.009043,-0.038878,0.003377
7.38900,-0.019127,-0.044059,-0.001642
7.39000,-0.037907,-0.077572,-0.009251
7.39100,-0.012489,-0.012165,0.005158
7.39200,0.009043,-0.073201,-0.008442
7.39300,0.013738,-0.242221,-0.006175
7.39400,0.030575,-0.481181,-0.004071
7.39500,0.019566,-0.615231,-0.002937
7.39600,-0.041631,-0.273629,0.005643
7.39700,-0.077572,0.313409,-0.001318
7.39800,-0.059763,0.441631,-0.000671
7.39900,-0.020746,0.138399,-0.012327
7.40000,0.002081,0.119780,0.000786
7.40100,-0.000023,0.199757,0.001272
7.40200,-0.002937,0.311466,0.002567
7.40300,0.033813,0.166892,0.010986
7.40400,0.046603,0.235375,-0.013137
7.40500,0.047736,0.089830,-0.071096
7.40600,0.013090,-0.106875,-0.108980
7.40700,-0.027060,0.005805,-0.118693
7.40800,-0.007794,-0.094085,-0.084857
7.40900,0.016490,-0.110599,-0.046811
7.41000,0.010176,-0.110761,-0.034993
7.41100,-0.025765,0.015681,0.008072
7.41200,-0.046326,-0.032241,0.049517
7.41300,-0.019127,-0.004233,0.065383
7.41400,-0.001156,0.031870,0.092258
7.41500,-0.014918,0.017624,0.077687
7.41600,-0.008766,0.035594,0.066031
7.41700,-0.015727,0.029928,0.042232
7.41800,-0.019451,0.039965,0.036080
7.41900,-0.018479,-0.030136,0.017138
7.42000,-0.006499,0.013900,0.021509
7.42100,0.002891,-0.041469,0.005319
7.42200,0.004672,-0.042602,0.021509
7.42300,0.007910,-0.073201,0.005805
7.42400,-0.012004,-0.061220,0.006776
7.42500,0.007100,-0.038393,-0.013137
7.42600,0.027337,-0.016860,0.006615
7.42700,0.029118,-0.013946,-0.007956
7.42800,0.006776,-0.011356,-0.005366
7.42900,0.010014,0.001272,0.006291
7.43000,-0.006499,-0.053611,0.006453
7.43100,-0.013299,-0.056039,0.045955
7.43200,0.009043,-0.019936,0.068459
7.43300,-0.015889,0.013252,0.043365
7.43400,-0.011032,-0.057658,0.019081
7.43500,-0.020584,-0.040012,-0.010061
7.43600,-0.014108,0.051298,-0.001966
7.43700,0.004834,0.026042,-0.005851
7.43800,0.018271,-0.029003,-0.012651
7.43900,0.018271,0.010338,-0.027869
7.44000,0.025395,-0.024146,-0.029812
7.44100,0.045308,0.054050,-0.034831
7.44200,0.061983,0.115247,-0.032403
7.44300,0.052108,0.045470,-0.016051
7.44400,0.017947,-0.046973,-0.008118
7.44500,0.004996,-0.146864,-0.020422
7.44600,-0.033374,-0.071743,-0.010061
7.44700,-0.033374,0.007262,-0.003747
7.44800,-0.027060,-0.018965,-0.006175
7.44900,-0.036126,-0.025117,0.002081
7.45000,-0.010223,-0.025927,-0.014594
7.45100,-0.001966,-0.034345,-0.003585
7.45200,0.012767,-0.015565,0.005158
7.45300,-0.007147,-0.030784,0.000301
7.45400,-0.014108,0.005643,-0.002290
7.45500,-0.000023,0.017947,-0.005690
7.45600,-0.023174,0.009367,-0.002614
7.45700,0.001110,-0.023660,-0.000185
7.45800,-0.005851,0.008395,-0.002775
7.45900,0.005319,0.062793,-0.005042
7.46000,0.014224,0.045632,0.001272
7.46100,0.019566,0.021995,0.008557
7.46200,0.028309,-0.044221,0.000301
7.46300,-0.013137,-0.082914,-0.017670
7.46400,-0.003099,-0.069639,-0.028193
7.46500,-0.000347,-0.020746,-0.047459
7.46600,0.000948,0.000948,-0.042440
7.46700,-0.000995,0.009043,-0.026412
7.46800,-0.007470,-0.000671,-0.014756
7.46900,-0.008766,0.025880,-0.001642
7.47000,-0.007794,0.018433,0.007424
7.47100,0.012443,-0.007147,0.025556
7.47200,-0.001156,-0.011680,0.016005
7.47300,0.009853,0.003700,0.023776
7.47400,-0.010385,0.030899,0.025071
7.47500,-0.004880,0.027985,0.002567
7.47600,-0.005204,0.031223,0.014386
7.47700,-0.000509,-0.001804,0.000624
7.47800,0.007748,-0.034669,0.007586
7.47900,0.002729,-0.014270,-0.000347
7.48000,0.009529,0.005158,-0.001480
7.48100,0.002081,0.032032,0.000463
7.48200,0.011957,0.022480,0.003539
7.48300,0.003053,-0.000995,0.004834
7.48400,0.006615,0.002567,0.001758
7.48500,0.001920,-0.007309,-0.003747
7.48600,0.001596,-0.008927,0.004996
7.48700,0.009853,0.005967,0.013738
7.48800,0.011471,0.006291,0.000139
7.48900,-0.001642,0.006453,0.000139
7.49000,-0.003423,0.011795,0.003053
7.49100,-0.003747,0.008234,-0.003747
7.49200,-0.002128,0.013252,-0.000509
7.49300,0.002567,0.009529,-0.006175
7.49400,-0.008927,-0.000995,-0.011032
7.49500,0.008395,-0.001642,-0.003909
7.49600,-0.010546,0.010014,-0.006175
7.49700,-0.016375,0.014709,-0.004071
7.49800,-0.004880,0.013090,-0.008118
7.49900,0.008881,0.005805,-0.008280
7.50000,0.008395,-0.004880,0.003700
7.50100,0.000786,0.017462,0.010824
7.50200,0.010824,-0.002614,-0.011356
7.50300,-0.003099,0.004996,-0.029326
7.50400,-0.001156,-0.000509,-0.066239
7.50500,0.000948,0.004996,-0.081781
7.50600,0.006615,0.005481,-0.060896
7.50700,0.002243,0.003539,-0.026736
7.50800,0.010824,0.007262,-0.003423
7.50900,0.005805,0.012281,0.010662
7.51000,0.004510,0.012281,0.033166
7.51100,-0.013623,0.006129,0.027985
7.51200,-0.010546,0.011148,0.032356
7.51300,0.002081,0.003700,0.031223
7.51400,-0.013946,0.001758,0.007586
7.51500,0.018433,-0.005690,-0.004880
7.51600,-0.029488,0.006615,0.008234
7.51700,-0.006499,-0.000509,0.028633
7.51800,0.007910,-0.000185,0.027499
7.51900,-0.024146,-0.004556,0.037537
7.52000,-0.001156,-0.008442,0.074449
7.52100,-0.001480,0.002567,0.126256
7.52200,-0.009575,0.005967,0.056155
7.52300,-0.019775,-0.000509,0.010176
7.52400,-0.004233,-0.003747,-0.014918
7.52500,0.009853,0.002567,-0.033212
7.52600,0.000301,0.000301,-0.042602
7.52700,0.037699,-0.011842,-0.020584
7.52800,-0.036612,0.008234,0.011795
7.52900,0.005643,0.007100,0.060526
7.53000,0.027337,0.007586,0.029118
7.53100,-0.025279,0.000139,-0.039040
7.53200,0.009853,-0.006661,-0.067858
7.53300,0.000624,0.003700,-0.070610
7.53400,-0.002128,0.009691,-0.096999
7.53500,-0.010546,0.005643,-0.094733
7.53600,-0.020746,-0.006823,-0.061544
7.53700,0.009691,0.011148,-0.016213
7.53800,0.014224,0.003539,0.027499
7.53900,-0.026736,0.010662,0.062955
7.54000,0.022157,0.000463,0.072021
7.54100,0.001758,-0.001642,0.070078
7.54200,0.007586,-0.010708,0.055993
7.54300,0.014062,0.003053,0.032194
7.54400,0.012767,0.001110,0.002081
7.54500,0.015519,-0.000347,0.033166
7.54600,0.020376,0.004348,0.018271
7.54700,0.034137,0.000463,0.010338
7.54800,-0.007147,0.001110,-0.030136
7.54900,0.016976,-0.012004,-0.082591
7.55000,-0.016051,0.000463,-0.125979
7.55100,0.028471,0.004996,-0.078219
7.55200,-0.004718,0.004186,-0.035155
7.55300,0.010500,-0.001642,-0.028517
7.55400,0.011957,0.000139,-0.004718
7.55500,0.001110,0.005967,0.019890
7.55600,-0.016051,0.004186,-0.012004
7.55700,0.005967,0.005158,-0.036450
7.55800,-0.001642,0.000948,-0.035479
7.55900,-0.010546,0.004834,-0.013137
7.56000,0.020700,0.010824,-0.014270
7.56100,-0.005204,0.004186,-0.080324
7.56200,0.019728,-0.004394,-0.126950
7.56300,-0.024308,-0.004394,-0.063487
7.56400,0.043203,0.000463,-0.036612
7.56500,-0.011680,0.001758,0.021023
7.56600,0.016976,-0.007147,0.021995
7.56700,0.011957,0.000948,-0.070448
7.56800,0.000139,0.002081,-0.090362
7.56900,0.001110,-0.005528,0.006453
7.57000,0.003700,-0.002937,0.049193
7.57100,0.022480,-0.000833,0.145198
7.57200,-0.022851,0.010662,0.154426
7.57300,0.025718,0.001920,0.155074
7.57400,-0.060087,0.008881,0.143903
7.57500,-0.022203,0.001758,0.129170
7.57600,-0.017832,-0.002614,0.105533
7.57700,0.007910,0.010014,0.060041
7.57800,-0.024308,0.002891,0.014548
7.57900,-0.036288,0.027337,0.009529
7.58000,0.015195,-0.004718,-0.006985
7.58100,0.064412,0.010338,-0.001318
7.58200,0.123018,0.004186,0.000948
7.58300,0.172721,0.006291,-0.050859
7.58400,0.149084,0.013900,-0.076924
7.58500,0.063764,0.000624,-0.058468
7.58600,0.025880,0.007100,-0.018965
7.58700,-0.076115,0.006291,0.004024
7.58800,-0.016213,-0.000023,-0.051830
7.58900,0.076392,-0.003747,-0.108332
7.59000,0.041260,-0.012489,-0.031917
7.59100,-0.009737,-0.004233,0.010338
7.59200,-0.008442,0.001272,0.037537
7.59300,-0.073201,-0.011032,0.046441
7.59400,-0.008442,0.002081,0.060688
7.59500,0.100677,0.001758,0.073154
7.59600,-0.201585,0.011471,0.079630
7.59700,-0.404441,0.010662,0.070078
7.59800,-0.203527,0.007262,0.058260
7.59900,-0.092466,0.011310,0.021995
7.60000,-0.157873,0.003700,-0.019936
7.60100,-0.020260,0.001110,-0.023336
7.60200,-0.076924,-0.008604,-0.024955
7.60300,0.030413,-0.000347,-0.013623
7.60400,0.062145,-0.007794,0.001272
7.60500,-0.049240,0.005805,0.003539
7.60600,0.002243,-0.009737,-0.000671
7.60700,-0.022527,-0.020260,-0.001804
7.60800,0.062631,-0.017994,-0.002937
7.60900,0.209633,-0.020260,0.001272
7.61000,0.119295,-0.020098,0.002405
7.61100,0.004024,-0.015403,0.001434
7.61200,-0.048592,-0.009899,0.004672
7.61300,-0.086800,-0.009737,-0.001480
7.61400,-0.029326,-0.000995,-0.005366
7.61500,-0.056039,0.001920,-0.008766
7.61600,-0.029488,-0.008442,-0.012651
7.61700,-0.059277,0.001596,-0.006985
7.61800,-0.051830,-0.006985,-0.008118
7.61900,-0.029488,-0.005851,-0.011032
7.62000,0.011310,-0.015080,-0.012813
7.62100,0.020376,-0.013299,-0.004071
7.62200,-0.029812,0.002729,-0.011842
7.62300,0.000463,0.007424,-0.016860
7.62400,0.052917,-0.000833,-0.004233
7.62500,-0.004394,0.005158,-0.017184
7.62600,0.026690,0.005643,-0.019451
7.62700,0.102619,0.009205,-0.001966
7.62800,-0.017670,0.007910,-0.001804
7.62900,0.023290,0.004996,-0.013299
7.63000,-0.095218,0.008719,-0.012004
7.63100,0.010986,0.000948,-0.010061
7.63200,0.167378,0.004510,-0.006175
7.63300,0.042556,0.003053,-0.008766
7.63400,0.121237,0.006776,-0.017346
7.63500,0.028147,0.010662,-0.011032
7.63600,-0.009251,0.009367,-0.010385
7.63700,-0.043897,0.012443,-0.009089
7.63800,-0.063649,0.006615,-0.013137
7.63900,0.017138,-0.000833,-0.015889
7.64000,0.024909,-0.000185,-0.010223
7.64100,0.039803,0.010500,-0.010385
7.64200,0.074611,0.003377,-0.007470
7.64300,0.003053,-0.000185,-0.007632
7.64400,-0.002128,0.007424,0.003215
7.64500,0.050165,-0.000023,-0.008766
7.64600,-0.010546,0.001758,-0.013784
7.64700,-0.063001,0.004996,0.005481
7.64800,-0.049078,0.013900,-0.001480
7.64900,0.031223,0.016328,-0.000833
7.65000,0.000948,0.008395,-0.002775
7.65100,0.018433,0.010662,-0.000347
7.65200,0.025556,0.008395,-0.007632
7.65300,-0.022689,0.011471,0.000948
7.65400,-0.061544,0.011148,0.002891
7.65500,0.039318,0.021833,-0.002614
7.65600,0.008072,0.016652,0.006615
7.65700,-0.069801,0.010662,0.012605
7.65800,-0.049240,0.018919,-0.001642
7.65900,-0.152530,0.016490,-0.008766
7.66000,-0.058144,0.008557,-0.003099
7.66100,-0.057497,0.012281,0.001272
7.66200,-0.186043,0.016652,-0.000995
7.66300,-0.149616,0.014224,0.002891
7.66400,0.128037,0.019566,-0.003909
7.66500,0.061012,0.013900,-0.013623
7.66600,0.011633,0.017785,-0.004880
7.66700,0.100029,0.013576,-0.002775
7.66800,0.091287,0.006776,-0.008280
7.66900,0.096791,0.007748,-0.000671
7.67000,-0.038717,0.000463,-0.018156
7.67100,0.052431,0.004672,-0.006013
7.67200,0.050974,0.007910,0.009853
7.67300,0.006938,0.011148,0.005481
7.67400,-0.089552,0.003700,0.003700
7.67500,-0.087447,0.008557,0.006776
7.67600,-0.098133,0.007100,0.015195
7.67700,-0.088904,0.012443,0.020052
7.67800,-0.050697,0.004834,0.027823
7.67900,-0.024146,-0.005204,0.016976
7.68000,0.039318,0.000948,0.013090
7.68100,-0.013137,0.005643,0.009205
7.68200,-0.014432,-0.002290,0.015681
7.68300,-0.003909,-0.007147,0.012443
7.68400,-0.025117,0.000786,0.005158
7.68500,-0.009413,0.004186,-0.003747
7.68600,-0.023822,-0.000347,0.007100
7.68700,-0.080486,0.002567,0.014871
7.68800,-0.015565,-0.005528,0.001596
7.68900,-0.118693,0.007910,0.001434
7.69000,-0.005204,0.004024,0.000463
7.69100,0.214490,0.000301,0.006291
7.69200,0.122533,-0.007147,0.009367
7.69300,0.082544,-0.009089,0.008072
7.69400,0.068297,-0.004233,0.014224
7.69500,0.054698,-0.006661,0.001920
7.69600,0.061498,-0.009575,0.012281
7.69700,-0.000509,-0.008118,0.017624
7.69800,0.050489,-0.010223,0.010986
7.69900,0.020376,-0.006661,0.005319
7.70000,-0.012004,-0.001804,0.006776
7.70100,-0.025279,-0.004394,0.015843
7.70200,-0.030622,-0.012651,0.007100
7.70300,0.006129,-0.003099,0.015195
7.70400,0.022966,-0.002937,0.002891
7.70500,0.030413,-0.010061,0.005319
7.70600,-0.061868,-0.011680,0.016328
7.70700,0.052108,-0.004233,0.005319
7.70800,0.027175,-0.004718,0.015033
7.70900,0.012281,-0.010223,-0.001480
7.71000,0.026852,-0.007309,0.000301
7.71100,0.018595,-0.014432,0.004510
7.71200,-0.002775,-0.012975,0.004672
7.71300,-0.028355,-0.010061,0.001272
7.71400,-0.007794,-0.010546,0.009853
7.71500,-0.002937,-0.025603,0.001110
7.71600,0.042070,-0.008118,-0.003261
7.71700,-0.048430,-0.008442,0.001920
7.71800,0.010500,-0.011842,0.004834
7.71900,0.033813,-0.017346,0.005158
7.72000,-0.037583,-0.012327,-0.003423
7.72100,-0.052640,-0.012651,-0.002937
7.72200,0.017138,-0.012327,0.011633
7.72300,0.024423,-0.010061,-0.002937
7.72400,-0.040821,-0.013623,-0.010061
7.72500,-0.036126,-0.009737,0.002081
7.72600,-0.006661,-0.009575,0.010500
7.72700,0.012443,-0.009089,0.007586
7.72800,-0.037907,-0.010061,0.012605
7.72900,-0.008927,-0.012489,-0.000671
7.73000,-0.016213,-0.007470,0.001758
7.73100,-0.011194,-0.012004,0.003700
7.73200,0.041422,-0.007956,0.009853
7.73300,-0.014270,-0.007470,0.002405
7.73400,-0.036936,-0.006823,0.008719
7.73500,-0.057335,-0.017832,0.013090
7.73600,-0.064620,-0.011194,0.003377
7.73700,-0.012975,-0.015727,0.010014
7.73800,-0.014594,-0.017832,-0.001480
7.73900,-0.042278,-0.009737,0.000301
7.74000,-0.001480,-0.013784,0.002081
7.74100,-0.068020,-0.019775,0.007424
7.74200,-0.111894,-0.018318,0.011795
7.74300,-0.111246,-0.012975,0.005967
7.74400,-0.081943,-0.015241,0.004348
7.74500,-0.037907,-0.000347,0.003053
7.74600,0.075259,-0.006337,0.007424
7.74700,0.144389,-0.017670,0.002729
7.74800,0.003539,-0.011356,0.000624
7.74900,0.030413,-0.003423,-0.000023
7.75000,0.050812,-0.015727,-0.001804
7.75100,0.045955,-0.017346,0.009691
7.75200,0.018757,-0.010223,-0.006985
7.75300,-0.026736,-0.010061,-0.004880
7.75400,-0.000995,-0.001318,0.007262
7.75500,0.040451,-0.017184,-0.001318
7.75600,0.029280,-0.021717,-0.002128
7.75700,-0.058630,-0.017832,0.004510
7.75800,-0.025441,-0.012813,0.002891
7.75900,0.011148,-0.018156,0.012767
7.76000,0.016328,-0.017508,-0.002614
7.76100,0.010986,-0.002614,0.001758
7.76200,0.023776,-0.004880,-0.000509
7.76300,-0.002290,-0.005690,0.000786
7.76400,0.024423,-0.012975,0.001596
7.76500,0.026852,-0.006013,-0.002290
7.76600,-0.022527,-0.005528,0.002405
7.76700,0.027823,-0.005366,-0.000995
7.76800,-0.028517,0.002081,-0.001642
7.76900,-0.082752,0.001596,-0.000833
7.77000,-0.016375,-0.014108,-0.008118
7.77100,-0.010870,-0.007956,0.005643
7.77200,-0.003261,-0.004718,0.008719
7.77300,-0.014432,0.000139,-0.002937
7.77400,-0.022365,-0.000185,0.002567
7.77500,-0.003585,-0.008604,-0.003099
7.77600,-0.015080,-0.005042,0.002567
7.77700,0.023614,-0.000509,-0.000347
7.77800,-0.011032,0.003053,0.016005
7.77900,0.003700,0.003700,-0.004718
7.78000,-0.010708,-0.004233,0.011310
7.78100,0.031547,0.003215,0.004834
7.78200,-0.029488,0.003377,-0.004718
7.78300,0.002243,-0.004556,-0.000023
7.78400,-0.031107,-0.003909,0.006291
7.78500,-0.056039,0.004186,-0.008766
7.78600,0.025071,0.002891,-0.002614
7.78700,-0.058468,0.006776,0.015519
7.78800,0.028633,0.000139,-0.011032
7.78900,-0.005366,-0.001318,0.001272
7.79000,-0.024631,-0.001156,-0.000023
7.79100,0.013738,-0.002290,-0.001642
7.79200,0.034299,-0.007147,0.011633
7.79300,0.007910,0.001110,-0.001804
7.79400,-0.012813,-0.002290,0.004834
7.79500,-0.033050,-0.000833,0.008881
7.79600,-0.002452,-0.000023,-0.001966
7.79700,0.021833,-0.008280,0.003862
7.79800,-0.020260,-0.002128,-0.005851
7.79900,0.031385,-0.000995,-0.006013
7.80000,-0.005851,-0.000347,-0.005042
7.80100,0.013576,0.000139,-0.000347
7.80200,-0.003423,-0.000023,-0.000347
7.80300,-0.016213,-0.002290,-0.005366
7.80400,-0.004071,-0.005528,-0.002128
7.80500,0.038670,-0.000509,-0.007794
7.80600,-0.008604,0.004672,0.006129
7.80700,-0.025927,-0.010708,-0.006175
7.80800,0.041260,0.003700,-0.012651
7.80900,0.037051,0.001596,-0.006013
7.81000,0.008395,-0.008280,0.002081
7.81100,-0.005690,0.003700,-0.002775
7.81200,-0.022851,0.006453,-0.002775
7.81300,-0.024955,-0.000833,0.003215
7.81400,0.000624,0.003377,0.000948
7.81500,-0.012813,0.001110,-0.005204
7.81600,0.010500,-0.005528,0.000948
7.81700,0.042718,-0.008604,0.001596
7.81800,0.095496,-0.004556,0.001110
7.81900,0.087077,0.002243,-0.004233
7.82000,0.123666,-0.010385,-0.004718
7.82100,-0.005851,-0.003585,0.002243
7.82200,-0.037745,0.001920,-0.000023
7.82300,0.013090,0.004024,0.000139
7.82400,-0.085828,-0.001804,-0.008604
7.82500,-0.047135,0.004672,0.000139
7.82600,-0.069153,0.010662,0.015033
7.82700,-0.119503,0.006291,0.003053
7.82800,-0.058792,0.008719,0.002405
7.82900,-0.017346,0.010014,0.004996
7.83000,-0.021555,0.012281,-0.005366
7.83100,0.060688,0.004024,-0.002128
7.83200,0.035432,-0.002452,-0.008766
7.83300,-0.013946,-0.005204,-0.005366
7.83400,0.032194,-0.001804,-0.002128
7.83500,-0.043897,-0.006175,-0.003747
7.83600,-0.083238,0.001596,-0.003099
7.83700,-0.022041,-0.006499,0.005643
7.83800,-0.029165,-0.016213,-0.009737
7.83900,-0.001318,-0.007632,-0.009251
7.84000,0.033813,0.006938,-0.000509
7.84100,-0.012327,0.002567,-0.001156
7.84200,0.007910,-0.004233,0.010500
7.84300,0.021833,-0.008927,0.001434
7.84400,0.036565,-0.004233,-0.009575
7.84500,0.021185,0.004024,-0.010870
7.84600,-0.013137,-0.000833,-0.002937
7.84700,-0.013137,0.001110,0.002567
7.84800,-0.035317,-0.003099,-0.002937
7.84900,-0.084857,0.003862,-0.009737
7.85000,-0.056039,0.008395,-0.004718
7.85100,0.027337,0.000624,0.009529
7.85200,-0.065268,-0.007794,-0.000833
7.85300,-0.076600,-0.002614,-0.011356
7.85400,-0.160301,0.009367,0.002243
7.85500,-0.073201,0.003539,-0.006823
7.85600,0.207528,0.014062,0.002729
7.85700,0.239260,0.004510,-0.004233
7.85800,0.117352,0.003377,0.001272
7.85900,-0.045030,-0.001642,-0.002775
7.86000,0.088696,-0.000185,-0.003261
7.86100,0.121885,-0.007147,-0.011194
7.86200,0.049032,-0.000023,-0.000509
7.86300,0.053888,-0.015080,-0.004394
7.86400,0.042556,0.010662,-0.000995
7.86500,0.021185,0.003862,0.009205
7.86600,0.040127,0.006615,-0.004880
7.86700,0.006615,0.001920,-0.008118
7.86800,-0.004718,0.007424,-0.010870
7.86900,0.027014,-0.001642,-0.006661
7.87000,-0.004233,-0.006661,-0.017184
7.87100,0.023452,0.004348,-0.011032
7.87200,0.018109,0.010338,-0.010870
7.87300,0.048546,0.005158,-0.002452
7.87400,0.037051,0.008557,0.000139
7.87500,0.061336,0.000301,-0.012489
7.87600,0.071049,-0.006823,-0.018479
7.87700,0.070888,0.001920,0.000624
7.87800,0.062955,0.008072,0.001758
7.87900,0.067002,0.011471,-0.016213
7.88000,0.060202,0.009691,-0.017994
7.88100,-0.044383,-0.002452,-0.018641
7.88200,-0.039040,0.001110,-0.008604
7.88300,0.003700,0.004510,-0.010223
7.88400,-0.128407,0.005967,-0.002290
7.88500,-0.269743,0.009529,-0.002290
7.88600,-0.214536,0.006615,0.005481
7.88700,-0.005690,0.010662,0.023128
7.88800,0.147627,-0.011680,0.016814
7.88900,0.180330,-0.012004,0.024261
7.89000,0.097439,-0.021394,0.006938
7.89100,0.079630,-0.020908,0.012605
7.89200,0.086915,-0.007956,0.005805
7.89300,0.015195,-0.010708,-0.001804
7.89400,-0.067372,-0.002775,-0.010385
7.89500,-0.172929,-0.020746,-0.017508
7.89600,-0.040497,-0.018641,-0.037745
7.89700,-0.122579,-0.014756,-0.024631
7.89800,-0.124522,-0.020422,-0.013623
7.89900,-0.043897,-0.018803,-0.012489
7.90000,-0.158196,-0.001966,-0.003585
7.90100,-0.098942,-0.019775,-0.008604
7.90200,-0.010708,-0.017994,-0.022365
7.90300,-0.003261,-0.025279,-0.015565
7.90400,-0.070934,-0.049564,-0.002290
7.90500,-0.072553,-0.050211,-0.009089
7.90600,-0.040983,-0.052963,-0.002775
7.90700,-0.012975,-0.037259,0.006129
7.90800,0.034461,0.011471,-0.000023
7.90900,0.051784,0.048222,0.010986
7.91000,0.045146,-0.007794,0.001434
7.91100,0.053241,0.005319,-0.008280
7.91200,0.061498,0.009691,0.018109
7.91300,-0.003909,-0.003261,-0.005366
7.91400,-0.101856,0.017624,-0.009575
7.91500,-0.012813,0.001920,0.006453
7.91600,0.055831,0.007586,0.001920
7.91700,-0.048754,0.011148,0.009367
7.91800,0.026690,0.002405,-0.007470
7.91900,-0.034993,-0.000509,-0.001966
7.92000,-0.077410,0.003862,-0.001804
7.92100,-0.021717,-0.002775,-0.001156
7.92200,0.001434,0.007100,0.006615
7.92300,0.099543,0.009691,0.012281
7.92400,0.130951,0.009367,-0.007632
7.92500,0.052269,0.011957,-0.033374
7.92600,0.069269,-0.002614,-0.040983
7.92700,0.133542,0.001272,-0.016537
7.92800,0.049679,-0.008280,-0.000185
7.92900,0.023128,-0.014756,-0.010385
7.93000,0.050003,-0.012489,-0.002937
7.93100,0.063926,-0.020422,-0.018318
7.93200,0.083516,-0.003747,-0.033212
7.93300,0.075421,0.003215,-0.035317
7.93400,0.110552,0.010014,-0.027869
7.93500,0.150541,0.024585,-0.001804
7.93600,0.122695,0.016166,0.010500
7.93700,0.077363,0.009853,0.030090
7.93800,0.147465,0.012443,0.012281
7.93900,0.063117,0.015033,0.003215
7.94000,-0.137959,0.011957,0.004672
7.94100,-0.167910,0.006129,-0.008118
7.94200,-0.081943,-0.004718,-0.005851
7.94300,0.112495,-0.002937,0.006291
7.94400,0.085620,0.009691,0.025233
7.94500,0.158798,0.011310,0.002729
7.94600,0.080925,0.018433,-0.015241
7.94700,-0.405251,0.016976,-0.026898
7.94800,-0.650525,0.010338,-0.038555
7.94900,-0.461753,-0.004233,-0.036288
7.95000,0.077525,-0.001966,-0.027222
7.95100,0.073478,-0.010385,0.005643
7.95200,0.054212,-0.014108,0.019243
7.95300,-0.064620,0.000463,0.016652
7.95400,-0.103961,0.004672,0.011795
7.95500,-0.046488,0.003700,0.009043
7.95600,-0.190414,0.011148,0.016328
7.95700,-0.165320,0.020052,0.025880
7.95800,-0.079676,0.008719,0.010824
7.95900,0.168673,-0.004394,0.004834
7.96000,0.309685,-0.005851,0.018757
7.96100,0.289124,-0.002775,0.023452
7.96200,0.080763,-0.000023,0.014548
7.96300,0.108124,-0.005528,0.008072
7.96400,-0.005851,-0.000671,-0.013784
7.96500,-0.110922,0.002243,-0.006985
7.96600,-0.091171,0.009043,-0.005690
7.96700,-0.181671,0.013252,0.033166
7.96800,-0.249182,0.006291,0.037375
7.96900,-0.075467,0.006615,0.020052
7.97000,0.161874,0.001110,0.008557
7.97100,0.153131,-0.002937,-0.006823
7.97200,0.191986,-0.002775,-0.010546
7.97300,0.136618,0.002405,-0.002452
7.97400,0.234403,0.008881,0.023938
7.97500,0.283782,0.010338,0.020376
7.97600,-0.004394,0.007424,0.011148
7.97700,-0.198832,0.001272,0.022157
7.97800,-0.134397,-0.005851,0.027175
7.97900,0.006938,-0.020584,0.033004
7.98000,0.089182,-0.011680,0.050651
7.98100,0.116381,-0.014756,0.046603
7.98200,0.058260,-0.002937,0.020052
7.98300,-0.001966,0.007262,0.030252
7.98400,0.045470,-0.001804,-0.000185
7.98500,0.154264,0.014548,-0.035640
7.98600,-0.136988,0.024585,-0.028841
7.98700,-0.279943,0.018109,-0.017508
7.98800,0.181301,0.000624,0.000139
7.98900,0.164464,0.001758,0.004996
7.99000,-0.039526,0.014224,0.022804
7.99100,-0.129055,0.007910,0.061012
7.99200,-0.160139,0.024099,0.087563
7.99300,-0.025279,0.016166,0.068945
7.99400,-0.014756,0.009529,0.017462
7.99500,-0.029326,-0.021394,-0.034507
7.99600,-0.058468,-0.012813,-0.030460
7.99700,0.044175,-0.006175,-0.039688
7.99800,0.030737,-0.020098,-0.039850
7.99900,-0.025603,-0.009737,-0.042116
